Date,COTY,EL,ELF,SPY
2024-10-24,7.570000171661377,86.41065979003906,107.19999694824219,569.0422973632812
2024-10-25,7.570000171661377,85.06521606445312,110.37999725341797,568.8458251953125
2024-10-28,7.670000076293945,86.4984130859375,110.05999755859375,570.6043701171875
2024-10-29,7.75,86.52765655517578,113.2699966430664,571.5277709960938
2024-10-30,7.639999866485596,84.96772766113281,109.22000122070312,569.798828125
2024-10-31,7.440000057220459,67.21370697021484,105.25,558.6289672851562
2024-11-01,7.480000019073486,64.91281127929688,103.12000274658203,560.9867553710938
2024-11-04,7.46999979019165,64.78607177734375,103.88999938964844,559.7782592773438
2024-11-05,7.539999961853027,64.21084594726562,107.12999725341797,566.5470581054688
2024-11-06,7.429999828338623,61.69544219970703,104.16000366210938,580.6346435546875
2024-11-07,7.25,64.6495590209961,116.06999969482422,585.1240844726562
2024-11-08,7.159999847412109,62.29991912841797,120.19999694824219,587.6587524414062
2024-11-11,7.360000133514404,62.97262954711914,134.14999389648438,588.21875
2024-11-12,7.46999979019165,61.1689567565918,131.3300018310547,586.3914794921875
2024-11-13,7.380000114440918,61.28595733642578,122.95999908447266,586.6763305664062
2024-11-14,7.590000152587891,63.20662307739258,123.11000061035156,582.9038696289062
2024-11-15,7.199999809265137,62.15367126464844,121.33000183105469,575.437744140625
2024-11-18,7.070000171661377,62.95314025878906,122.66000366210938,577.7954711914062
2024-11-19,7.090000152587891,63.167625427246094,121.70999908447266,579.9075927734375
2024-11-20,7.139999866485596,63.69410705566406,119.0,580.1041259765625
2024-11-21,7.190000057220459,65.16629791259766,122.47000122070312,583.2183227539062
2024-11-22,7.320000171661377,68.17890930175781,126.41999816894531,585.02587890625
2024-11-25,7.53000020980835,71.14280700683594,129.92999267578125,587.0103759765625
2024-11-26,7.409999847412109,71.34754180908203,124.29000091552734,590.0753784179688
2024-11-27,7.409999847412109,72.1080093383789,127.1500015258789,588.2874755859375
2024-11-29,7.389999866485596,70.64842224121094,129.52000427246094,591.9419555664062
2024-12-02,7.650000095367432,74.42964935302734,130.7100067138672,593.0030517578125
2024-12-03,7.510000228881836,75.89904022216797,127.41000366210938,593.2778930664062
2024-12-04,7.670000076293945,77.67210388183594,136.39999389648438,596.9619140625
2024-12-05,7.639999866485596,76.574951171875,131.22999572753906,595.9796142578125
2024-12-06,7.610000133514404,77.70149993896484,139.60000610351562,597.1094360351562
2024-12-09,7.75,80.01333618164062,140.4600067138672,594.034423828125
2024-12-10,7.75,80.89498138427734,137.60000610351562,592.1875610351562
2024-12-11,7.619999885559082,79.56273651123047,138.47000122070312,596.7655029296875
2024-12-12,7.46999979019165,79.36681365966797,131.50999450683594,593.6905517578125
2024-12-13,7.5,78.40680694580078,140.6300048828125,593.5728149414062
2024-12-16,7.460000038146973,77.9463882446289,140.27000427246094,596.1072998046875
2024-12-17,7.320000171661377,76.58475494384766,134.88999938964844,593.6513061523438
2024-12-18,6.989999771118164,73.43045806884766,127.19999694824219,575.95849609375
2024-12-19,7.0,73.17576599121094,129.08999633789062,575.7815551757812
2024-12-20,7.039999961853027,72.84270477294922,128.66000366210938,582.697265625
2024-12-23,7.070000171661377,73.22474670410156,128.9499969482422,586.1866455078125
2024-12-24,7.039999961853027,73.54801177978516,131.91000366210938,592.7020263671875
2024-12-26,7.090000152587891,73.46964263916016,130.89999389648438,592.7415771484375
2024-12-27,6.989999771118164,73.09739685058594,127.76000213623047,586.5020141601562
2024-12-30,6.920000076293945,72.67617797851562,127.11000061035156,579.80908203125
2024-12-31,6.960000038146973,73.45005798339844,125.55000305175781,577.69970703125
2025-01-02,6.860000133514404,72.470458984375,122.98999786376953,576.2803344726562
2025-01-03,6.809999942779541,70.6875991821289,125.38999938964844,583.4857788085938
2025-01-06,6.840000152587891,72.06881713867188,125.7300033569336,586.8469848632812
2025-01-07,6.949999809265137,72.65657806396484,127.73999786376953,580.2131958007812
2025-01-08,6.809999942779541,72.15699768066406,127.5999984741211,581.06103515625
2025-01-10,6.670000076293945,71.9512710571289,124.88999938964844,572.1896362304688
2025-01-13,6.769999980926514,73.46964263916016,132.1199951171875,573.0768432617188
2025-01-14,6.739999771118164,72.36270904541016,131.47999572753906,573.8653564453125
2025-01-15,6.909999847412109,72.99943542480469,128.41000366210938,584.303955078125
2025-01-16,7.199999809265137,76.47700500488281,133.91000366210938,583.1802368164062
2025-01-17,7.139999866485596,76.27128601074219,126.94999694824219,589.035400390625
2025-01-21,7.289999961853027,77.21170043945312,118.48999786376953,594.4270629882812
2025-01-22,7.389999866485596,78.07373809814453,116.69000244140625,597.7686767578125
2025-01-23,7.400000095367432,78.47537994384766,118.37999725341797,601.03125
2025-01-24,7.449999809265137,80.79702758789062,110.55000305175781,599.2766723632812
2025-01-27,7.610000133514404,81.85498046875,104.41000366210938,590.7997436523438
2025-01-28,7.360000133514404,81.27702331542969,106.16000366210938,595.8760986328125
2025-01-29,7.260000228881836,80.60110473632812,105.95999908447266,593.2048950195312
2025-01-30,7.480000019073486,83.7358169555664,107.05000305175781,596.3886108398438
2025-01-31,7.329999923706055,81.7276382446289,99.91000366210938,593.2146606445312
2025-02-03,7.099999904632568,81.08110046386719,93.44000244140625,589.2225952148438
2025-02-04,6.96999979019165,68.05248260498047,88.44000244140625,593.1752319335938
2025-02-05,6.789999961853027,64.59451293945312,87.31999969482422,595.5802612304688
2025-02-06,6.849999904632568,62.948795318603516,88.48999786376953,597.6503295898438
2025-02-07,6.760000228881836,63.70308303833008,71.12999725341797,592.1797485351562
2025-02-10,6.769999980926514,67.30799102783203,73.86000061035156,596.2012939453125
2025-02-11,6.139999866485596,69.2671890258789,76.94000244140625,596.65478515625
2025-02-12,5.679999828338623,67.62146759033203,75.08000183105469,594.732666015625
2025-02-13,5.75,68.24839782714844,74.94999694824219,601.0115356445312
2025-02-14,5.579999923706055,67.28839874267578,73.0,600.9820556640625
2025-02-18,5.650000095367432,70.71697998046875,72.2699966430664,602.7463989257812
2025-02-19,5.53000020980835,69.94310760498047,73.11000061035156,604.1658325195312
2025-02-20,5.650000095367432,69.88432312011719,71.11000061035156,601.65234375
2025-02-21,5.710000038146973,70.3349380493164,74.91999816894531,591.3616333007812
2025-02-24,5.989999771118164,73.5676040649414,75.3499984741211,588.6705932617188
2025-02-25,5.929999828338623,73.25414276123047,72.80000305175781,585.7430419921875
2025-02-26,5.769999980926514,71.78474426269531,71.76000213623047,586.0387573242188
2025-02-27,5.71999979019165,71.48107147216797,69.9000015258789,576.6843872070312
2025-02-28,5.690000057220459,70.7822036743164,70.25,585.6838989257812
2025-03-03,5.46999979019165,69.07933044433594,63.810001373291016,575.4227905273438
2025-03-04,5.519999980926514,67.02210998535156,63.93000030517578,568.611572265625
2025-03-05,5.699999809265137,70.7822036743164,64.66999816894531,574.7229614257812
2025-03-06,5.760000228881836,70.41800689697266,64.41999816894531,564.5209350585938
2025-03-07,5.849999904632568,72.16024017333984,70.68000030517578,567.6849365234375
2025-03-10,6.019999980926514,70.91016387939453,74.04000091552734,552.5643920898438
2025-03-11,5.690000057220459,68.50843048095703,69.5199966430664,547.9708862304688
2025-03-12,5.519999980926514,65.39800262451172,68.20999908447266,550.8788452148438
2025-03-13,5.429999828338623,63.842769622802734,62.970001220703125,543.5352172851562
2025-03-14,5.510000228881836,65.47673034667969,68.18000030517578,554.7625122070312
2025-03-17,5.630000114440918,67.80956268310547,66.13999938964844,559.0404663085938
2025-03-18,5.550000190734863,66.972900390625,63.619998931884766,552.9981079101562
2025-03-19,5.539999961853027,66.539794921875,63.630001068115234,559.020751953125
2025-03-20,5.630000114440918,66.95320892333984,62.40999984741211,557.4041748046875
2025-03-21,5.559999942779541,65.89999389648438,62.849998474121094,557.5880737304688
2025-03-24,5.539999961853027,66.39214324951172,64.87000274658203,567.5736083984375
2025-03-25,5.480000019073486,65.04363250732422,65.0999984741211,568.93798828125
2025-03-26,5.460000038146973,64.85661315917969,64.44000244140625,562.1458129882812
2025-03-27,5.550000190734863,65.89999389648438,65.16000366210938,560.6529541015625
2025-03-28,5.449999809265137,64.39398956298828,64.83000183105469,549.3623657226562
2025-03-31,5.46999979019165,64.96488952636719,62.790000915527344,553.0501098632812
2025-04-01,5.519999980926514,66.8055648803711,64.25,554.6121826171875
2025-04-02,5.650000095367432,67.68161010742188,67.88999938964844,558.1220092773438
2025-04-03,5.210000038146973,57.27737808227539,55.02000045776367,530.6172485351562
2025-04-04,5.039999961853027,52.099876403808594,54.93000030517578,499.5533447265625
2025-04-07,4.900000095367432,52.11956024169922,53.880001068115234,498.6635437011719
2025-04-08,4.690000057220459,49.2748908996582,51.0,490.8531188964844
2025-04-09,5.360000133514404,55.27921676635742,55.7400016784668,542.4021606445312
2025-04-10,5.139999866485596,52.46406936645508,53.790000915527344,518.6346435546875
2025-04-11,5.199999809265137,54.36380386352539,53.61000061035156,527.888427734375
2025-04-14,5.190000057220459,54.71815872192383,53.459999084472656,533.0098266601562
2025-04-15,4.75,53.55665969848633,52.16999816894531,531.5169067382812
2025-04-16,4.670000076293945,51.834110260009766,49.95000076293945,519.7023315429688
2025-04-17,4.730000019073486,53.61572265625,52.650001525878906,520.44384765625
2025-04-21,4.78000020980835,53.53697967529297,53.470001220703125,508.05584716796875
2025-04-22,4.820000171661377,55.06266784667969,55.33000183105469,521.2744140625
2025-04-23,4.929999828338623,56.36196517944336,56.84000015258789,529.3516845703125
2025-04-24,5.039999961853027,57.730167388916016,60.65999984741211,540.4940185546875
2025-04-25,4.96999979019165,58.458560943603516,61.150001525878906,544.3992919921875
2025-04-28,4.980000019073486,58.21248245239258,61.97999954223633,544.6068725585938
2025-04-29,5.019999980926514,58.655426025390625,62.16999816894531,548.0374755859375
2025-04-30,5.050000190734863,59.019622802734375,61.869998931884766,548.2550659179688
2025-05-01,5.019999980926514,57.96640396118164,62.25,552.1405029296875
2025-05-02,5.170000076293945,58.458560943603516,68.05000305175781,560.3365478515625
2025-05-05,5.159999847412109,56.79507064819336,67.79000091552734,557.1234130859375
2025-05-06,5.170000076293945,57.61204528808594,67.69000244140625,552.4667358398438
2025-05-07,4.570000171661377,58.33060073852539,66.55999755859375,554.7901611328125
2025-05-08,4.820000171661377,60.279544830322266,67.9000015258789,558.6558837890625
2025-05-09,4.690000057220459,60.03346633911133,66.83999633789062,557.9439697265625
2025-05-12,5.010000228881836,64.33492279052734,74.06999969482422,576.3826293945312
2025-05-13,5.079999923706055,64.45304870605469,78.20999908447266,580.1890258789062
2025-05-14,5.059999942779541,63.10453796386719,77.1500015258789,580.9304809570312
2025-05-15,5.03000020980835,62.67143630981445,78.18000030517578,583.7680053710938
2025-05-16,5.050000190734863,64.14790344238281,79.30000305175781,587.4655151367188
2025-05-19,5.03000020980835,64.32508850097656,79.56999969482422,588.108154296875
2025-05-20,5.050000190734863,65.04363250732422,81.51000213623047,586.130859375
2025-05-21,4.860000133514404,62.66159439086914,79.05999755859375,576.2540893554688
2025-05-22,4.929999828338623,63.40967559814453,82.77999877929688,576.4814453125
2025-05-23,4.78000020980835,62.69112014770508,83.93000030517578,572.5465698242188
2025-05-27,4.869999885559082,66.00826263427734,91.72000122070312,584.4501342773438
2025-05-28,4.769999980926514,65.23065185546875,90.5,581.0689086914062
2025-05-29,4.989999771118164,67.593017578125,111.83999633789062,583.3626098632812
2025-05-30,4.929999828338623,66.22770690917969,112.48999786376953,582.7100830078125
2025-06-02,4.869999885559082,65.9407958984375,113.7699966430664,585.992431640625
2025-06-03,4.96999979019165,68.196533203125,114.77999877929688,589.3341064453125
2025-06-04,4.980000019073486,68.09759521484375,117.23999786376953,589.1759643554688
2025-06-05,4.889999866485596,66.7322769165039,115.80000305175781,586.3285522460938
2025-06-06,5.019999980926514,67.73152923583984,117.66000366210938,592.3495483398438
2025-06-09,5.010000228881836,68.26578521728516,116.51000213623047,592.8834228515625
2025-06-10,5.139999866485596,69.71025085449219,117.95999908447266,596.2449340820312
2025-06-11,5.070000171661377,69.11663818359375,124.5199966430664,594.54443359375
2025-06-12,5.03000020980835,69.24524688720703,128.5399932861328,596.9072875976562
2025-06-13,4.730000019073486,66.59376525878906,125.26000213623047,590.23388671875
2025-06-16,5.050000190734863,73.7962875366211,126.20999908447266,595.8494262695312
2025-06-17,4.940000057220459,73.99417114257812,125.56999969482422,590.7578735351562
2025-06-18,4.789999961853027,73.92491912841797,122.23999786376953,590.6688842773438
2025-06-20,4.769999980926514,74.3899154663086,119.8499984741211,589.2816162109375
2025-06-23,4.820000171661377,77.99118041992188,123.11000061035156,595.1021728515625
2025-06-24,4.710000038146973,76.23013305664062,121.87000274658203,601.676513671875
2025-06-25,4.639999866485596,76.73469543457031,125.41000366210938,602.0135498046875
2025-06-26,4.599999904632568,78.18904876708984,124.88999938964844,606.7236328125
2025-06-27,4.610000133514404,79.23777770996094,126.33000183105469,609.7380981445312
2025-06-30,4.650000095367432,79.94023132324219,124.44000244140625,612.6533203125
2025-07-01,4.909999847412109,84.20436096191406,126.66999816894531,612.455078125
2025-07-02,5.090000152587891,87.63743591308594,129.47999572753906,615.2315063476562
2025-07-03,5.090000152587891,87.77594757080078,130.97999572753906,620.0803833007812
2025-07-07,4.960000038146973,84.87712860107422,122.38999938964844,615.4595336914062
2025-07-08,4.940000057220459,84.64956665039062,116.98999786376953,615.1224365234375
2025-07-09,4.96999979019165,85.68840026855469,117.66000366210938,618.8110961914062
2025-07-10,5.119999885559082,91.11997985839844,115.37000274658203,620.5563354492188
2025-07-11,5.059999942779541,90.11083221435547,109.9800033569336,618.3748168945312
2025-07-14,5.03000020980835,88.63668060302734,106.0199966430664,619.5548095703125
2025-07-15,4.920000076293945,85.18383026123047,106.86000061035156,616.9072875976562
2025-07-16,4.960000038146973,85.48063659667969,108.51000213623047,618.9697265625
2025-07-17,4.940000057220459,85.63892364501953,110.9000015258789,622.7576293945312
2025-07-18,4.920000076293945,86.28201293945312,117.62999725341797,622.301513671875
2025-07-21,4.769999980926514,85.12445831298828,111.61000061035156,623.4815063476562
2025-07-22,5.010000228881836,88.05296325683594,116.05000305175781,623.5706787109375
2025-07-23,5.090000152587891,88.7257308959961,117.66000366210938,628.8757934570312
2025-07-24,4.949999809265137,85.84669494628906,119.22000122070312,629.083984375
2025-07-25,5.119999885559082,89.43807220458984,120.86000061035156,631.741455078125
2025-07-28,5.150000095367432,91.53550720214844,120.94999694824219,631.582763671875
2025-07-29,5.090000152587891,90.42742919921875,119.93000030517578,629.9169311523438
2025-07-30,4.989999771118164,92.66338348388672,123.27999877929688,629.1236572265625
2025-07-31,4.849999904632568,92.34678649902344,121.19000244140625,626.763671875
2025-08-01,4.730000019073486,90.07125854492188,116.41999816894531,616.4907836914062
2025-08-04,4.760000228881836,91.5157241821289,116.27999877929688,625.8612670898438
2025-08-05,4.769999980926514,89.9525375366211,109.83999633789062,622.6881713867188
2025-08-06,4.900000095367432,89.19072723388672,110.38999938964844,627.4578247070312
2025-08-07,4.800000190734863,90.24935150146484,99.91999816894531,626.9322509765625
2025-08-08,4.739999771118164,89.72499084472656,101.7699966430664,631.82080078125
2025-08-11,4.71999979019165,88.19147491455078,111.66999816894531,630.5712890625
2025-08-12,4.849999904632568,90.72423553466797,116.75,637.284423828125
2025-08-13,5.070000171661377,94.24635314941406,122.91999816894531,639.4659423828125
2025-08-14,4.989999771118164,88.54764556884766,119.5999984741211,639.5254516601562
2025-08-15,4.920000076293945,90.00200653076172,116.37000274658203,638.0281372070312
2025-08-18,4.980000019073486,89.77444458007812,123.73999786376953,637.8892822265625
2025-08-19,4.889999866485596,88.91371154785156,119.83000183105469,634.4286499023438
2025-08-20,4.860000133514404,85.64881896972656,120.44000244140625,632.7429809570312
2025-08-21,3.809999942779541,86.78659057617188,116.30999755859375,630.2044677734375
2025-08-22,3.930000066757202,90.25924682617188,118.1500015258789,639.88232421875
2025-08-25,3.809999942779541,87.73637390136719,113.94000244140625,637.0662231445312
2025-08-26,3.690000057220459,88.86424255371094,115.04000091552734,639.733642578125
2025-08-27,4.199999809265137,91.62455749511719,124.9000015258789,641.1912841796875
2025-08-28,4.329999923706055,90.79348754882812,129.35000610351562,643.4620361328125
2025-08-29,4.28000020980835,90.75392150878906,125.0,639.6245727539062
2025-09-02,4.340000152587891,90.16796112060547,125.5999984741211,634.884765625
2025-09-03,4.329999923706055,91.3001480102539,130.16000366210938,638.3255615234375
2025-09-04,4.380000114440918,86.86077117919922,133.72000122070312,643.6603393554688
2025-09-05,4.369999885559082,88.58885192871094,133.97000122070312,641.7960815429688
2025-09-08,4.320000171661377,88.24124908447266,138.0,643.372802734375
2025-09-09,4.25,88.09227752685547,138.8300018310547,644.8601684570312
2025-09-10,4.019999980926514,86.83097839355469,134.44000244140625,646.724365234375
2025-09-11,4.130000114440918,86.21522521972656,138.07000732421875,652.0987548828125
2025-09-12,4.090000152587891,83.0768814086914,135.22000122070312,651.8805541992188
2025-09-15,4.159999847412109,86.80118560791016,144.3699951171875,655.3511352539062
2025-09-16,4.210000038146973,87.91351318359375,143.27999877929688,654.4488525390625
2025-09-17,4.320000171661377,87.56591033935547,146.11000061035156,653.6357421875
2025-09-18,4.269999980926514,87.39707946777344,146.6699981689453,656.6898193359375
2025-09-19,4.110000133514404,87.19844818115234,139.9600067138672,659.9423217773438
2025-09-22,4.03000020980835,86.67207336425781,137.32000732421875,663.0645751953125
2025-09-23,4.0,87.1189956665039,136.07000732421875,659.4551391601562
2025-09-24,3.9600000381469727,84.74536895751953,128.82000732421875,657.3569946289062
2025-09-25,3.930000066757202,83.41455078125,130.6999969482422,654.3242797851562
2025-09-26,4.010000228881836,86.0662612915039,129.77000427246094,658.072998046875
2025-09-29,4.010000228881836,88.51932525634766,131.1999969482422,659.9224243164062
2025-09-30,4.039999961853027,87.5162582397461,132.47999572753906,662.4082641601562
2025-10-01,3.9700000286102295,85.60940551757812,135.1999969482422,664.6654052734375
2025-10-02,3.940000057220459,88.16179656982422,135.91000366210938,665.4309692382812
2025-10-03,4.010000228881836,87.41693878173828,134.61000061035156,665.421142578125
2025-10-06,4.03000020980835,88.05255126953125,138.32000732421875,667.8074951171875
2025-10-07,4.059999942779541,92.04500579833984,140.60000610351562,665.3316040039062
2025-10-08,4.309999942779541,95.1039047241211,145.07000732421875,669.2990112304688
2025-10-09,4.449999809265137,93.326171875,144.97000122070312,667.3600463867188
2025-10-10,4.190000057220459,87.04946899414062,129.69000244140625,649.32275390625
2025-10-13,4.329999923706055,92.1045913696289,132.69000244140625,659.2860107421875
2025-10-14,4.309999942779541,94.34911346435547,132.49000549316406,658.4805908203125
2025-10-15,4.239999771118164,94.61725616455078,134.0800018310547,661.4039306640625
2025-10-16,4.150000095367432,96.13678741455078,135.85000610351562,656.8995971679688
2025-10-17,4.340000152587891,100.08950805664062,136.9199981689453,660.62841796875
2025-10-20,4.130000114440918,101.81758880615234,127.41999816894531,667.499267578125
2025-10-21,4.139999866485596,97.86486053466797,127.12999725341797,667.4893188476562
2025-10-22,4.159999847412109,97.95423889160156,123.66000366210938,664.0191040039062
2025-10-23,4.119999885559082,98.808349609375,125.0199966430664,667.9566650390625
2025-10-24,4.139999866485596,101.46006774902344,122.80999755859375,673.4155883789062
2025-10-27,4.099999904632568,99.7717056274414,126.18000030517578,681.3603515625
2025-10-28,4.019999980926514,98.0833511352539,131.6999969482422,683.1700439453125
2025-10-29,3.950000047683716,96.69293975830078,126.98999786376953,683.4982299804688
2025-10-30,3.930000066757202,96.94123077392578,123.11000061035156,675.9810180664062
2025-10-31,3.9700000286102295,96.02753448486328,122.13999938964844,678.1983032226562
2025-11-03,3.9000000953674316,92.61109924316406,120.94000244140625,679.4711303710938
2025-11-04,3.8299999237060547,92.24363708496094,118.29000091552734,671.4169921875
2025-11-05,3.7799999713897705,90.46589660644531,117.83000183105469,673.7437133789062
2025-11-06,3.7200000286102295,87.17858123779297,76.54000091552734,666.514892578125
2025-11-07,3.75,87.14878845214844,73.73999786376953,667.1710815429688
2025-11-10,3.549999952316284,89.01590728759766,79.8499984741211,677.5818481445312
2025-11-11,3.569999933242798,90.21760559082031,77.97000122070312,679.1329956054688
2025-11-12,3.7699999809265137,91.37960052490234,77.73999786376953,679.5109252929688
2025-11-13,3.630000114440918,89.30391693115234,74.38999938964844,668.235107421875
2025-11-14,3.5,87.57584381103516,73.51000213623047,668.1256713867188
2025-11-17,3.3499999046325684,85.50016021728516,72.79000091552734,661.901123046875
2025-11-18,3.309999942779541,87.45665740966797,73.05999755859375,656.3427734375
2025-11-19,3.25,85.32140350341797,71.23999786376953,658.8783569335938
2025-11-20,3.119999885559082,86.0166015625,68.41999816894531,648.8355712890625
2025-11-21,3.1600000858306885,89.2840576171875,70.05000305175781,655.2987670898438
2025-11-24,3.1500000953674316,92.7501449584961,71.25,664.9437866210938
2025-11-25,3.2300000190734863,91.3100814819336,72.11000061035156,671.1982421875
2025-11-26,3.299999952316284,93.05802154541016,75.2300033569336,675.8318481445312
2025-11-28,3.319999933242798,93.77576446533203,76.16999816894531,679.5208129882812
2025-12-01,3.3399999141693115,94.41376495361328,76.66000366210938,676.41845703125
2025-12-02,3.369999885559082,99.3283462524414,74.19999694824219,677.67138671875
2025-12-03,3.440000057220459,101.71086883544922,80.37000274658203,680.0180053710938
2025-12-04,3.390000104904175,103.49526977539062,81.62000274658203,680.51513671875
2025-12-05,3.450000047683716,104.8011703491211,81.4000015258789,681.8078002929688
2025-12-08,3.3399999141693115,102.4585189819336,77.27999877929688,679.7594604492188
2025-12-09,3.299999952316284,102.31896209716797,77.41999816894531,679.1727905273438
2025-12-10,3.369999885559082,106.94445037841797,78.62000274658203,683.6771850585938
2025-12-11,3.3399999141693115,105.22982788085938,77.98999786376953,685.26806640625
2025-12-12,3.2200000286102295,103.7743911743164,76.36000061035156,677.9000854492188
2025-12-15,3.2799999713897705,100.71399688720703,78.5999984741211,676.8758544921875
2025-12-16,3.2699999809265137,104.06348419189453,78.7699966430664,675.0264282226562
2025-12-17,3.259999990463257,104.97064208984375,78.8499984741211,667.5986938476562
2025-12-18,3.25,107.60238647460938,77.26000213623047,672.6399536132812
2025-12-19,3.259999990463257,107.66219329833984,80.44000244140625,678.7363891601562
2025-12-22,3.140000104904175,108.31016540527344,79.13999938964844,682.96484375
2025-12-23,3.009999990463257,107.3033218383789,78.45999908447266,686.0863037109375
2025-12-24,3.059999942779541,107.14382934570312,79.76000213623047,688.4996948242188
2025-12-26,3.0999999046325684,107.31329345703125,80.41999816894531,688.4298706054688
2025-12-29,3.059999942779541,106.36625671386719,79.43000030517578,685.9765625
2025-12-30,3.140000104904175,105.50894927978516,76.80000305175781,685.138916015625
2025-12-31,3.0799999237060547,104.3924560546875,76.04000091552734,680.062744140625
2026-01-02,3.109999895095825,106.42607879638672,77.80999755859375,681.309326171875
2026-01-05,3.1500000953674316,107.82170104980469,76.83999633789062,685.846923828125
2026-01-06,3.1700000762939453,108.21047973632812,79.12000274658203,689.92578125
2026-01-07,3.0899999141693115,104.94073486328125,82.0999984741211,687.701904296875
2026-01-08,3.119999885559082,109.92509460449219,86.05000305175781,687.632080078125
2026-01-09,3.190000057220459,113.37427520751953,87.0199966430664,692.1796264648438
2026-01-12,3.200000047683716,112.66648864746094,86.58000183105469,693.2666625976562
2026-01-13,3.190000057220459,115.00914764404297,87.55999755859375,691.8804931640625
2026-01-14,3.2100000381469727,116.5443344116211,86.26000213623047,688.479736328125
2026-01-15,3.1700000762939453,115.28826904296875,89.18000030517578,690.3546142578125
2026-01-16,3.049999952316284,114.69014739990234,89.98999786376953,689.7761840820312
2026-01-20,3.140000104904175,114.10198974609375,89.04000091552734,675.7345581054688
2026-01-21,3.259999990463257,117.50132751464844,91.81999969482422,683.5332641601562
2026-01-22,3.299999952316284,119.11625671386719,93.61000061035156,687.103515625
2026-01-23,3.359999895095825,117.32189178466797,94.16000366210938,687.352783203125
2026-01-26,3.2200000286102295,116.02595520019531,88.80000305175781,690.84326171875
2026-01-27,3.1600000858306885,116.07579803466797,86.7300033569336,693.5957641601562
2026-01-28,3.130000114440918,114.26148986816406,84.9800033569336,693.5259399414062
2026-01-29,3.109999895095825,114.84964752197266,85.02999877929688,692.1497192382812
2026-01-30,3.1700000762939453,114.91942596435547,84.98999786376953,690.0853271484375
2026-02-02,3.240000009536743,118.38854217529297,86.1500015258789,693.5159912109375
2026-02-03,3.1600000858306885,115.90632629394531,84.80999755859375,687.6520385742188
2026-02-04,3.430000066757202,119.23588562011719,84.62999725341797,684.3211059570312
2026-02-05,3.1500000953674316,96.357666015625,76.86000061035156,675.7744750976562
2026-02-06,2.6600000858306885,99.15887451171875,82.08999633789062,688.739013671875
2026-02-09,2.549999952316284,98.7003173828125,74.45999908447266,692.0599975585938
2026-02-10,2.5399999618530273,100.99311828613281,73.26000213623047,690.2349243164062
2026-02-11,2.5299999713897705,105.06035614013672,76.81999969482422,690.075439453125
2026-02-12,2.5,106.0871353149414,74.33000183105469,679.41455078125
2026-02-13,2.509999990463257,107.90144348144531,81.5,679.8931884765625
2026-02-17,2.559999942779541,111.78924560546875,87.27999877929688,680.9901733398438
2026-02-18,2.609999895095825,111.25093078613281,88.04000091552734,684.4208374023438
2026-02-19,2.630000114440918,111.39049530029297,91.12999725341797,682.61572265625
2026-02-20,2.690000057220459,113.87271118164062,94.0199966430664,687.5523071289062
2026-02-23,2.5899999141693115,112.66648864746094,90.06999969482422,680.531494140625
2026-02-24,2.6700000762939453,114.92939758300781,94.83000183105469,685.4779052734375
2026-02-25,2.6500000953674316,112.56680297851562,93.08999633789062,691.26220703125
2026-02-26,2.6500000953674316,111.54999542236328,94.6500015258789,687.422607421875
2026-02-27,2.509999990463257,109.47000122070312,92.05000305175781,684.1216430664062
2026-03-02,2.4700000286102295,100.19000244140625,81.63999938964844,684.5106201171875
2026-03-03,2.450000047683716,98.70999908447266,81.08999633789062,678.4771118164062
2026-03-04,2.430000066757202,99.20999908447266,80.30000305175781,683.2639770507812
2026-03-05,2.4000000953674316,95.87000274658203,82.54000091552734,679.4544067382812
2026-03-06,2.369999885559082,92.72000122070312,82.44000244140625,670.5487060546875
2026-03-09,2.299999952316284,92.62999725341797,77.1500015258789,676.4227294921875
2026-03-10,2.3299999237060547,94.2699966430664,80.48999786376953,675.3356323242188
2026-03-11,2.3399999141693115,91.54000091552734,79.94999694824219,674.4879760742188
2026-03-12,2.2200000286102295,84.29000091552734,72.58000183105469,664.2459106445312
2026-03-13,2.2200000286102295,87.87999725341797,73.41000366210938,660.4862060546875
2026-03-16,2.2100000381469727,88.76000213623047,73.62000274658203,667.2078857421875
2026-03-17,2.1700000762939453,88.91000366210938,74.66000366210938,668.9630126953125
2026-03-18,2.119999885559082,86.0199966430664,70.30999755859375,659.6285400390625
2026-03-19,2.1500000953674316,85.5999984741211,73.4000015258789,658.0029907226562
2026-03-20,2.140000104904175,85.91999816894531,72.5,648.5700073242188
2026-03-23,2.140000104904175,79.29000091552734,71.91999816894531,655.3800048828125
2026-03-24,2.059999942779541,71.4800033569336,67.55999755859375,653.1799926757812
2026-03-25,2.049999952316284,73.11000061035156,69.6500015258789,656.8200073242188
2026-03-26,2.0299999713897705,69.75,66.87999725341797,645.0900268554688
2026-03-27,2.0,67.2300033569336,61.04999923706055,634.0900268554688
2026-03-30,2.0199999809265137,67.9800033569336,59.349998474121094,631.969970703125
2026-03-31,2.009999990463257,71.7699966430664,60.61000061035156,650.3400268554688
2026-04-01,2.0399999618530273,70.70999908447266,62.29999923706055,655.239990234375
2026-04-02,2.049999952316284,69.12000274658203,61.15999984741211,655.8300170898438
2026-04-06,2.1600000858306885,70.91000366210938,63.220001220703125,658.9299926757812
2026-04-07,2.109999895095825,69.16999816894531,61.13999938964844,659.219970703125
2026-04-08,2.0899999141693115,71.44000244140625,61.77000045776367,676.010009765625
2026-04-09,2.0899999141693115,73.29000091552734,63.93000030517578,679.9099731445312
2026-04-10,2.1700000762939453,72.66999816894531,65.12999725341797,679.4600219726562
2026-04-13,2.259999990463257,74.55000305175781,65.62000274658203,686.0999755859375
2026-04-14,2.2799999713897705,76.41999816894531,68.9000015258789,694.4600219726562
2026-04-15,2.299999952316284,76.5999984741211,69.86000061035156,699.9400024414062
2026-04-16,2.309999942779541,75.33999633789062,69.25,701.6599731445312
2026-04-17,2.359999895095825,76.19999694824219,66.81999969482422,710.1400146484375
2026-04-20,2.369999885559082,77.8499984741211,68.41999816894531,708.719970703125
2026-04-21,2.3499999046325684,75.86000061035156,66.9800033569336,704.0800170898438
2026-04-22,2.309999942779541,76.66000366210938,65.58000183105469,711.2100219726562
2026-04-23,2.3399999141693115,76.4000015258789,66.2300033569336,708.4500122070312
2026-04-24,2.4200000762939453,77.81999969482422,66.27999877929688,713.9400024414062
