Date,SPX,23026,23579,10145,10516,11308,11404,11674,11762,11850,14277,14541,18411,18542,18729,19350,19393,19502,19561,20482,21207,21573,21776,21936,22103,22111,22293,22509,22592,22752,22779
12/31/2007,1468.36,74.58,144.72,62.72,47.05,,,,98.83,95.26,99.2,95.96,40.49,73.55,79.17,188.81,27.29,38.39,88.77,57.17,49.28,33.29,83.61,23.8,57.92,68.41,24.09,72.27,86.27,59.88,16.23
1/31/2008,1378.55,73.43,113.89,-601800,44.56,,,,84.7,87.85,76.04,85.6,38.41,72.32,78.06,177.54,24.01,35.33,84.43,57.53,54.75,33.11,77.94,24.45,51.91,64.76,24.26,67.27,81.5,47.5,11.63
2/29/2008,1330.63,70.25,109.95,58.9,45.83,,,,82.69,88.83,87.39,89.7,36.48,73.68,77.64,172.78,23.58,36.9,84.44,54.84,51.64,32.85,77.17,23.66,52.4,63.97,23.38,64.32,80.73,45.65,10.09
3/31/2008,1322.7,71.32,112.95,57.75,41.83,,,,81.71,86.35,87.95,88.36,37.62,79.76,79.5,163.61,22.22,38.5,75.85,56.48,45.82,28.19,83.79,22.23,52.92,66.98,24.19,62.79,81.5,39.5,9.46
4/30/2008,1385.59,78.62,124.34,60.8,44.77,,,,90.09,95.01,101.65,99.53,39.33,83.78,72.55,170.99,23.24,35.23,86.55,54.39,44.72,27.12,88.13,21.36,53.74,69.27,26.88,63.69,79.18,39.59,10.13
5/30/2008,1400.38,82.38,127.48,61.31,40.48,,,,99.67,91.02,102.23,103.3,38.68,84.56,76.3,165.44,24.11,36.51,84.82,58.1,48.08,28.47,91.25,20.9,60.14,69.38,27.56,65.95,80.38,40.55,9.49
6/30/2008,1280,86.17,98.16,51.7,34.41,,,,87.6,90.38,108.81,103.28,37.32,75.53,70.91,147.28,21.72,32.95,67.35,54.62,52.86,24.37,93.28,18.86,51.11,66.89,23.24,60.03,72.12,39.62,7.52
7/31/2008,1267.38,76.98,89.02,52.28,29.19,,,,73.75,82.48,102.91,88.1,38.27,71.56,76.62,143.26,22.67,34.8,62.63,58.46,48.6,28.99,81.52,20.15,50.34,71.18,20.17,63.45,72.95,34.59,8.85
8/29/2008,1282.83,76.6,84.17,51.87,26.09,,,,75.97,82.46,95.65,90.61,40.56,72.81,78.44,144.09,22.9,37.04,67.6,59.59,45.71,28.55,79.28,20.97,48.68,73.7,20.76,66.31,74.72,37.5,9.65
9/30/2008,1166.36,70.65,60.43,42.96,22.45,,,,58.32,80.04,79.27,86.58,40.75,61.35,77.73,101.64,22.38,31.47,59.13,59.75,39.38,27.63,65.36,20.24,42.43,72.49,15.81,61.52,71.29,33.58,7.36
10/31/2008,968.75,55.01,36.53,31.48,21.24,,,,47.19,76.39,52.43,78.31,37.59,39.76,65.16,79.18,22.39,25.88,54.05,57.6,26.76,18.22,56.61,19.44,34.05,64.19,10.95,52.3,67.1,32.93,5.54
11/28/2008,896.24,62.36,31.43,29.09,28.19,,,,48.64,83.02,51.51,83.62,39.75,42.66,67.56,71.48,22.55,25.27,44.37,54.72,34.19,13.4,59.22,18.38,37.68,61.78,9.16,46.89,70.37,28.43,4.44
12/31/2008,903.25,51.71,29.1,34.28,29.68,,,,52.18,82.68,43.18,78.29,40.5,46.49,71.16,79.26,25.67,25.19,44.41,55.74,41.45,12.7,58.58,19.82,38.43,63.1,9.69,45.3,60.5,32.75,4.62
1/30/2009,825.88,53.21,18.95,34.26,28.19,,,,46.21,79.21,41.63,74.64,37.07,32.54,67.94,71.86,23.64,27.99,44.03,58.28,40.52,9.82,57.12,16.31,34.33,60.84,10.27,40.12,56.55,30.76,4.62
2/27/2009,735.09,45.89,11.86,28.33,27.59,43.1,40.87,29.55,38.47,70.74,39.04,64.94,33.59,25.96,62.86,56.86,20.32,24.48,33.16,49.77,42.4,6.4,50.3,14.13,28.43,53.22,10.77,33.73,48.33,26.07,3.67
3/31/2009,797.87,41.62,12.09,29.42,28.75,46.8,44.71,31.16,39.23,70.95,41.67,71.93,33.93,29.49,61.61,68.57,24.2,26.64,37.52,50.14,45.69,7.91,48.35,15.64,30.37,55.98,13.55,40.07,52.86,29.23,4.41
4/30/2009,872.81,44.1,22.59,32.96,25.48,45.85,41.91,33.26,47.14,69.46,50.26,70.71,32.49,37.98,62.09,86.07,21.54,32.25,42.24,44.42,41.08,14.23,49.14,15.34,36.18,55.73,14.93,47.83,61.24,26.48,5.77
5/29/2009,919.14,41.34,24.21,35.33,28.63,52.35,40.69,34.02,46.82,72.69,58.71,72.01,31.96,37.85,69.41,90.68,22.35,30.68,47.74,0,49.89,16.18,51.7,17.62,34.46,59.23,15.06,48.87,61.25,30.13,6.32
6/30/2009,919.32,42.39,20.38,33.46,27.85,51.54,42.94,36.59,48.02,73.28,55.72,71.56,35.06,35.26,74.45,83.92,22.78,30.28,45.24,49.92,41.82,17.04,55.14,17.4,34.79,60.99,16.45,48.24,64.47,30.96,6.91
7/31/2009,987.48,45.07,28.36,36.97,31.33,53.53,45.17,39.4,56.42,73.78,55.09,75.04,35.82,47.48,76.7,91.88,24.74,31.98,45.68,48.17,42.31,21.18,54.77,18.48,39.06,65.38,17.42,60.44,75.64,33.23,7.47
8/31/2009,1020.63,49.97,32.41,39.49,30.14,52.38,46.8,39.77,58.63,72.92,58.09,76.28,35.59,48.82,76.97,91.59,25.18,35.04,53.32,48.43,41.13,25.87,54.43,19.56,39.94,65.42,15.5,61.46,77.89,35.91,7.49
9/30/2009,1057.08,50.62,40.09,39.91,30.54,58.12,47.67,40.79,61.5,72.35,61.61,76.81,36.13,55.31,80.76,90.75,25.98,38.75,58.13,52.97,45.15,25.06,53.99,19.38,43.42,65.91,15.74,64.58,79.72,35.45,8.96
10/30/2009,1036.2,47.92,37.55,38.56,31.49,57.69,47.37,42.92,65.69,75.58,64.29,83.48,36.08,59.78,83.72,96.31,25.15,39.12,51.31,54.57,44.57,25.15,51.1,19.95,40.89,63.92,15.02,62.6,79.47,34.66,8.94
11/30/2009,1095.63,48.31,42.35,41.65,32.35,62.35,50.65,46.55,69.99,79.61,66.26,85.85,37.12,63.4,89.64,113.14,29.19,40.36,56.71,58.81,55.02,28.71,53,21.47,45.22,68.55,17.2,66.53,84.21,40.58,8.35
12/31/2009,1115.1,52.09,39.77,42.44,32.88,62.13,53.63,51.21,69.68,72.31,67.5,84.7,38.54,61.88,87.47,114.96,29.49,38.11,58.58,58.27,48.63,30.21,53.76,21.49,46.52,70.27,19.91,65.53,89.89,41.38,8.09
1/29/2010,1073.87,48.92,41.29,41.84,31.47,59.13,51.63,49.39,67.07,68.32,65.81,79.34,37.52,57.17,85.68,106.16,28.46,37.41,65.58,57.56,44.05,25.85,-50.18,22.05,45.36,68.57,18.64,65.69,87.52,43.23,6.41
2/26/2010,1104.49,43.96,42.12,43.81,30.99,57.47,51.17,51.01,75.15,69.37,63.58,80.29,37.25,62.44,88.79,121.78,28.63,36.71,68.8,59.02,50.65,26.17,48.21,20.95,52.06,69.26,18.23,69.49,87.72,41.76,7.05
3/31/2010,1169.43,44.46,44.93,49.39,30.5,60.43,53.31,53.02,83.59,71.49,66.04,84.21,38.88,68.79,91.28,126.96,31.56,38.64,79.1,57.28,52.45,27.8,48.77,20.47,55.36,71.68,20.9,73.85,91.47,42.72,7.32
4/30/2010,1186.69,43.07,48.34,51.79,29.49,58.73,54.1,57.26,85.13,72.33,74.32,90.44,41.06,74.98,90.6,127.73,29.92,36.62,78.9,56.11,57.75,30.2,48.53,19.96,57.44,70.69,19.9,79.47,97.05,40.08,7.37
5/28/2010,1089.41,40.67,43.74,46.99,26.83,56.47,51.69,54.1,77.73,65,58.65,82.83,38.85,66.91,84.13,123.16,27.44,33.52,70.37,52.16,55.43,26.38,43.56,18.39,51.44,64.69,18.07,72.96,87.38,38.54,7.14
6/30/2010,1030.71,40.7,35.96,42.88,27.41,55.55,52.31,54.85,72.71,61.35,57.8,76.09,39.54,66.15,84.85,119.53,29.86,27.94,68.8,51.3,63.68,25.7,42.85,17.22,48.4,65.53,16.75,68.79,87.03,40.44,6.8
7/30/2010,1101.6,43.55,43.99,47.09,29.05,61.08,55.97,55.51,87.18,64.16,62.32,85.45,42.51,77.29,85.66,143.15,29.84,29.87,74.71,54.31,57.66,27.48,47.2,18.12,54.88,64.46,18.79,79.11,94.24,39.85,7.81
8/31/2010,1049.33,42.83,36.17,43.25,32.87,61.94,58.4,56.34,77.85,64.02,55.92,83.87,44.15,72.21,80.08,135.83,31.23,28.31,67.49,54.6,63.25,23.38,46.54,19.43,52.05,63.87,16.31,75.59,87.12,40.66,7.84
9/30/2010,1141.2,45.19,43.61,48.65,34.05,65.35,59.25,55.91,92.42,66.92,64.61,91.77,44.81,87.19,83.36,150.45,32.84,35.28,73.46,57.81,64.94,24.85,48.67,20.97,58.75,69.4,19.02,83.59,96.17,43,8.89
10/29/2010,1183.26,42.59,44.16,52.16,35.55,68.48,61.09,56.92,99.53,72.01,73.29,93.52,46.12,87.59,84.22,165.58,32.59,35.68,77.99,57.27,62.93,28.88,46.66,21.27,61.25,71.39,19.02,88.07,93.41,42.42,8.51
11/30/2010,1180.55,41.81,47.42,55.37,31.09,71.03,60.17,54.23,108.66,75.81,81.32,92.49,45.93,94.27,83.59,161.06,30.58,36.88,70.86,51.91,60.83,28.67,45.6,20.13,61.83,69.55,18.42,90.15,93.72,40.27,7.99
12/31/2010,1257.64,44.09,50.18,59.21,32.26,73.96,61.66,55.84,114.42,79.69,87.8,104.23,46.55,104.37,87.76,179.81,32.08,41.23,72.52,53.47,63.67,31.28,48.23,21.62,64.18,69.88,20.15,97.22,96.31,42.55,9.46
1/31/2011,1286.12,46.59,55.81,62.39,35.04,70.67,62.08,57,121.69,87.93,93.57,108.44,45.81,108.59,84.41,196.81,30.9,42.8,77.21,50.89,57.08,33.16,49.24,22.5,66.1,67.53,23.17,97.46,98.12,39.16,9.98
2/28/2011,1327.22,46.24,57.5,64.88,40.04,71.88,62.92,58.01,125.63,93.7,98.49,119.33,46.96,115.22,86.34,195.18,31.68,46.06,80.49,54.2,57.29,32.11,48.98,24.01,67.37,70.03,24.11,102.84,103.55,38.45,9.95
3/31/2011,1325.83,44.81,58.18,66.89,38.78,75.13,63.85,61.02,125.75,92.17,98.32,123.63,46.96,124.65,88.8,210.54,32.84,42.65,82.63,55.27,56.73,34.89,48.37,25.34,65.98,67.54,21.57,110.78,104.97,39.42,11.51
4/29/2011,1363.61,48.27,55.44,68.59,39.87,76.4,65.61,62.98,121.48,96.38,94.62,125.88,48.69,129.68,93.38,211.86,34.92,45.4,89.17,59.18,60.92,35.7,49.46,26.16,68.62,74.91,21.89,110.15,109.14,42.93,11.81
5/31/2011,1345.2,54.57,48.6,67.08,35.08,75.66,67.55,64.34,117.97,91.96,90.64,121.56,49.99,118.88,96.9,187.05,35.74,46.55,87.69,59.42,58.8,36.39,49.7,27.01,61.99,77.35,21.12,103.87,106.58,43.89,12.33
6/30/2011,1320.64,53.99,50.2,67.13,32.63,76.73,67.78,63.07,117.47,89.65,91.36,119.17,50.36,119.63,96.77,180.05,36.4,45.3,83.08,59.84,56.3,34.76,50.87,25.94,63.92,76.46,19.02,106.32,107.11,42.6,11.86
7/29/2011,1292.28,54.6,49.18,59.82,32.88,77.56,66.96,62.85,109.47,87.9,95.55,120.53,49.9,111.52,94.06,171.45,36.02,41.65,79.19,58.91,58.01,34.62,52.33,24.24,55.78,74.48,16.67,98.6,98.4,41.2,11.56
8/31/2011,1218.89,54.79,35.87,54.23,31,80.34,72.32,63.75,98.84,82.06,82.86,115.43,52.2,102.73,100.29,176.49,37.39,37.81,75.61,60.28,65.32,31.95,51.83,24.15,53.29,76.29,15.8,90.36,94.32,39.95,10.84
9/30/2011,1131.42,55.6,37.55,49.81,27,77.58,73.36,62.55,81.69,80.52,63.36,108.13,53.47,83.36,98.85,141.9,39.44,35.32,68.43,58.71,65.98,27.36,51.22,22.5,47.29,73.85,13,83.36,81.6,39.93,10.85
10/31/2011,1253.3,55.67,41.33,59.44,31.5,78.45,74.46,66.5,103.14,86.58,77.93,122.69,54.52,107.16,101.38,166.8,40.12,35.65,74.4,62.39,70.05,32.6,53.36,24.51,55.08,74.66,15.03,101.94,89.82,42.13,12.14
11/30/2011,1246.96,55.74,41.36,61.85,32.97,77.74,77.22,67.19,104.13,89.7,80.17,121.03,56.01,111.03,102.65,174.16,41.55,36.45,78.15,63.18,72.2,33.73,53.89,25.8,60.27,75.7,14.03,104.2,92.74,43.65,12.08
12/30/2011,1257.61,55.53,39.4,62.08,31.31,80.91,80.62,70.23,100.93,94.52,72.7,125.24,59.05,102.78,103.65,170.89,44.75,35.73,83.45,65.12,63.27,35.16,52.75,27.81,53.74,76.71,13.73,99.14,93.53,46.55,12.04
1/31/2012,1312.41,52.92,54.29,66.29,31.34,78.09,76.63,68.63,113.68,93.38,80,121.38,58.12,124.31,102.43,190.33,41.37,36.06,84.4,63.27,64.82,36.99,48.38,27.51,59.27,77.09,13.61,106.37,99.23,47.25,12.07
2/29/2012,1365.68,56.2,58.62,68.46,34.35,80.78,76.29,69.64,121.89,96.98,82.89,129.4,56.97,130.11,105.2,183.21,41.28,36.09,85.77,66.14,62.65,42.06,48.16,27.43,58.49,76.79,13.87,109.03,100.93,47.13,12.95
3/30/2012,1408.47,57.85,59.34,70.17,34.85,86.17,76.72,71.74,116.38,97.24,74.69,127.13,57.93,121.35,110.4,179.75,43.31,36.44,85.11,71.61,54.42,42,48.51,29.41,60.67,77.83,14.98,114.47,102.78,47.93,13.28
4/30/2012,1397.91,59.41,56.8,69.72,33.94,88.86,78.07,73.5,112.52,96.81,79.18,126.36,59.23,117.6,112.41,182.99,43.26,38.15,87.89,73.11,50.58,39.86,48.26,29.74,61.09,76.81,15.26,125.75,102.95,48.98,13.33
5/31/2012,1310.33,60.07,50.39,64.4,35.29,87.01,80.06,74.08,100.52,88.8,67.85,117.65,59.82,100.26,111.68,164.13,43.22,33.46,80.17,72.79,50.06,35.26,46.22,28.69,54.84,74.38,13.9,124.3,97.93,46.91,12.56
6/29/2012,1362.16,63.16,53.07,64.61,32.68,91.63,82.48,78.11,93.38,96.64,69.63,126.25,60.33,97.16,118.27,180.7,46.6,32.43,85.57,75.95,51.86,34.91,47.02,30.17,54.62,80.49,13.83,127.52,103.95,52.63,12.62
7/31/2012,1379.32,64.48,55.59,67.16,28.88,94.69,85.55,80.8,103.3,98.08,76.44,131.13,62.74,96.96,122.68,171.65,46.59,39.86,85.12,78.72,47.54,39.62,48.89,31.53,56.02,82.47,12.21,131.53,105.84,55.69,12.69
8/31/2012,1406.58,56.81,57.02,68.06,29.8,87.66,81.2,76.89,106.27,99.23,77.93,135.3,59.71,98.24,121.48,167.83,43.2,39.5,82.73,77.8,54.18,42.05,46.24,31.59,59.94,81.07,12.91,132.92,108.12,54.27,12.51
9/28/2012,1440.67,57.33,55.89,69.57,30.28,89.5,80.23,79.73,112.33,103.95,77.88,140.6,60.71,99.06,122.52,185.3,44.17,40.25,80.64,81.39,60.26,44.19,45.11,32.9,57.05,82.84,14.15,138.74,107.91,57.38,13.33
10/31/2012,1412.16,59.44,53.84,71.31,29.9,87.73,80.88,82.6,113.11,103.63,74.87,132.98,61.7,98.24,120.64,191.98,43.96,38.92,81.62,78.36,58.72,43.59,45.36,32.92,57.24,85.14,12.65,141.44,102.28,58.06,13.63
11/30/2012,1416.18,55.92,50.17,71.89,29.94,90.07,75.54,80.58,124.95,100.84,77.41,128.58,58.01,98.74,124.71,188.85,43.14,37.76,86.58,77.76,50.66,45.55,38.98,33.41,59.85,84.56,13.26,150.84,106.88,56.37,14.36
12/31/2012,1426.19,54.99,52.98,74.4,30.72,86.11,75.21,80.7,129.78,99.02,74.9,131.56,57.02,104.41,120.16,195.21,43.09,41.22,87.84,78.36,50.34,48.86,38.36,33.49,63.1,85.01,13.68,164.29,109.11,52.64,14.75
1/31/2013,1498.11,53.32,61.47,79.99,32,88.46,77.02,85.08,136.42,102.93,84.36,140.09,59.57,114.64,124.13,212.47,48.24,44.5,86.1,85.3,46.57,50.8,40.55,36.75,68.21,89.64,13.01,170.58,118.16,55.61,15.47
2/28/2013,1514.68,52.72,61.66,82.65,35.94,91.98,80.72,89.77,148.44,103.1,84.48,143.61,60.62,107.62,132.29,198.4,49.35,45.9,90.2,85.07,43.67,54.34,40.65,36.87,68.05,93.04,13.77,167.34,122.96,54.94,16.49
3/28/2013,1569.19,56.35,63.76,88.84,38.05,96.73,83.5,92.67,147.73,103.75,81.27,145.66,63.19,101.33,136.45,195.37,54.99,53.46,100.7,88.92,45.87,57.52,45.23,38.88,67.05,99.67,14.56,166.44,125.69,57.39,17.04
4/30/2013,1597.57,62.22,55.07,86.7,38.29,101.25,87.09,98.83,148.11,102.46,80.77,149.57,64.95,99.26,138.83,202.91,53.49,55.51,107.22,93.3,35.48,58.01,49.2,39.16,66.62,104.19,15.84,182.85,123.8,61.02,15.22
5/31/2013,1630.74,52.82,57.66,92.99,36.57,95.65,78.93,90.33,160.34,104.89,79.25,151.71,59.8,100.58,134.49,197.94,61.96,53.85,116.71,92.67,37.53,57.36,41.52,37.01,69.45,103.71,16.89,191.64,131.13,60.63,15.42
6/28/2013,1606.28,50.56,55.76,94.03,38.48,96.61,80.64,91.76,159.73,104.75,78.11,146.26,60.12,96.7,133.21,185.78,60.18,49.84,120.74,88.15,33.18,55.07,40.91,38.07,65.92,105.78,15.64,182.66,130.03,60.86,15.43
7/31/2013,1685.73,51.55,58.6,98.35,41.39,96.53,82.84,96.81,167.35,108.69,88.65,155.59,61.09,97.9,140,189.94,58.7,56.66,123.88,92.92,33.23,60.04,40.52,40.05,74.18,115.19,16.7,200.17,139.64,63.12,14.65
8/30/2013,1632.97,51.48,57.66,94.79,40.17,91.96,78.61,91.57,154.71,101.78,88.56,150.07,57.39,97.46,135.09,191.25,56.6,54.56,123.06,84.55,35.19,59.05,40.8,38.66,73.46,107.27,15.54,195.65,135.82,61.97,14.97
9/30/2013,1681.55,50.08,59.14,98.92,42.03,91.91,77.09,91.24,168.2,100.47,96.68,151.41,56.78,98.48,138.67,187.27,62.83,61.06,139.14,84.2,31.4,56.03,39.66,39.36,78.73,107.62,16.15,209.24,142.79,62.95,15.95
10/31/2013,1756.54,52.03,61.67,103.32,46.66,96.01,81.4,95.61,173.42,104.65,102.54,149.49,57.11,99.14,152.16,188.3,71.78,67.24,154.54,93.08,30.46,55.79,38.19,42.05,81.5,114.97,18.92,228.68,150.49,59.62,16.8
11/29/2013,1805.81,45.59,71.18,105.98,46.14,98.19,78.05,92.3,178.59,109.9,96.75,153.83,56.72,100.61,154.7,193.83,70.22,67.55,159.55,97.25,27.75,58.78,36.42,43.81,82.04,118.33,19.02,231.29,160.41,65.88,17.7
12/31/2013,1848.36,46.08,78.78,109.4,49.75,100.93,78.15,92.72,187.09,118.97,98.94,156.93,57.39,108,153.29,211.31,73.13,65.54,162.21,97.61,25.96,61.78,37.07,42.29,85.95,114.5,19.84,238.33,168.51,66.76,18.22
1/31/2014,1782.59,44,76.08,109.23,45.26,92.4,76.92,95.27,179.64,108.34,96.15,140.24,58.28,112.4,144.74,198.89,68.75,65.44,148.87,93.92,24.35,60.16,39.25,41.97,80.76,110.6,19.16,229.16,154.02,70.65,17.22
2/28/2014,1859.45,43.51,85.08,113.61,46.82,93.33,80.13,100.22,183.62,113.92,102.55,146.15,59.85,116.06,148.52,198.82,73.98,77.89,154.08,101.91,26.22,62.05,41.58,44.69,80.45,115.98,21.57,249.35,162.9,76.01,17.87
3/31/2014,1872.34,48.1,84.25,111.59,50.03,95.2,76.69,104.66,185.84,115.58,107.51,150.69,62.1,118.93,153.34,211.27,71.48,75.69,149.98,98.65,26.59,58.23,45.89,44.7,82.35,123.68,23.3,243.86,164.03,76.31,17.44
4/30/2014,1883.95,47.7,87.7,111.76,50.42,100.45,82.96,110.09,179.7,121.18,111.98,159.06,64.77,126.87,159.94,217.18,69.41,77.83,154.2,99.81,28.17,59.2,47.9,43.54,84.05,127.53,23.4,244.06,168.17,78.71,17.24
5/30/2014,1923.57,48.31,84.1,112.6,52.1,100.74,79.54,107.24,183.51,119.77,114.72,156.96,62.61,123.05,162.55,212.13,68.93,82.79,162.52,103.08,25.97,60.89,50.78,41.6,82.79,128.62,23.95,254.97,173.39,77.77,18.28
6/30/2014,1960.23,49.6,82.15,112.36,51.13,105.06,83.49,110.63,192.2,119.95,130.5,166.88,64.9,130.8,162.03,212.08,67.22,85.35,152.89,105.37,28.89,64.52,50.3,41.67,82.33,132.63,24.68,265.77,174.23,78.35,18.14
7/31/2014,1930.67,44.58,78.03,111.01,53.79,97.45,81.1,104.88,170.36,117.88,119.92,165.2,62.66,122.11,151.52,199.34,70.65,79.18,144.77,109.08,28.29,61.57,42.86,40.66,78.97,126.89,22.1,250.86,171.37,76.85,17.35
8/29/2014,2003.37,49.43,81.52,115.66,58.08,103.48,84.61,111.17,175.1,119.32,121.75,166.84,64.27,132.2,154.7,196.95,70.69,70.07,153.25,109.39,30.76,63.25,46.51,41.64,79.96,132.39,23.57,261.2,176.19,81.41,16.18
9/30/2014,1972.29,48.46,77.25,113.1,59.52,106.56,82.82,109.07,158.95,112.83,112.92,153.78,63.18,120.03,155.87,193.44,71.43,68.62,153.95,107.71,26.2,62.32,47.44,41.89,78.17,136.04,21.85,249.62,173.36,80.88,17.33
10/31/2014,2018.05,53.9,89.15,116.74,54.75,104.62,92.61,117.78,171.54,116.02,109.56,154.6,67.87,123.76,160.7,201.81,81.71,74.35,150.96,113.46,21.33,66.08,50.92,42.43,80.01,137.56,23.08,258.44,188.15,79.05,17.67
11/28/2014,2067.56,53.76,92.99,120.95,61.64,112.75,93.22,116.78,171.37,109.45,95.44,141.69,69.43,122.77,167.21,204.36,82.92,79.82,163.26,115.85,20.92,70.78,50.77,44.5,80.21,139.05,23.86,278.49,196.93,82.41,18
12/31/2014,2058.9,56.83,90.43,121.99,60.85,106.18,97.45,124.81,171.69,111.76,95.29,146,71.89,111.7,166.25,210.14,83.41,88.65,157.94,117.18,21.51,70.47,52.05,44.5,77.67,134.32,26.03,294.18,202.13,78.1,18.47
1/30/2015,1994.99,58.79,91.4,119.36,54.56,103.54,102.27,129.56,159.39,105.68,91.92,133.44,74.25,98.45,163.1,202.35,85.17,85.8,176.64,117.13,28.63,69.26,50.59,44.64,71.65,128.63,26.99,283.66,199.65,82.9,17.18
2/27/2015,2104.5,51.51,95.16,126.12,56.35,108.9,94.17,118.54,179.4,107.86,94.45,140.24,67.8,102.06,171.08,215.2,86.08,97.05,184.41,123.96,29.97,74.72,48.05,49.43,73.47,132.58,27.84,300.42,208.72,80.5,18.7
3/31/2015,2067.89,51.63,95.24,127.99,55.79,102.81,90.98,117.6,173.03,103.55,93.64,138,65.56,98.52,167.5,209.71,91.14,98.92,183.47,121.24,24.74,73.5,47.61,50.11,71.82,130.11,25.87,287.86,204.14,79.67,18.45
4/30/2015,2085.51,52.88,94.49,123.83,57.53,102.84,91.8,116.05,176.45,106.44,106.18,145.99,65.59,107.82,163.44,216.48,90.58,96.88,175.23,122.1,30.19,71.15,48.19,48.87,74.62,128.3,23.88,282.78,193.55,82.55,16.53
5/29/2015,2107.39,53.07,97.16,128.49,62.53,103.85,93.2,115.47,183.79,104.68,101.87,136.81,65.49,105.88,162.25,224.04,91.81,100.67,172.89,127.84,31.04,69.18,48.36,50.45,77.1,130.48,24,293.05,198.14,84.39,16.33
6/30/2015,2063.11,48.42,95.93,125.74,57.05,100.3,87.23,109.79,173.26,102.23,97.29,128.13,62.81,105.26,158.9,233.53,94.57,99.03,170.68,129.1,26.65,63.52,44.91,48.68,70.86,126.99,22.64,293.76,192.19,79.53,15.96
7/31/2015,2103.84,50.51,93.93,129.54,56.11,105.03,95.84,118.35,156.93,97.32,93.49,117.52,67.05,98.54,166.16,227.56,93.82,113.32,177.38,133.96,19.59,63.89,45.87,52.35,66.15,130.57,21.43,277.52,188.5,82.36,16.75
8/31/2015,1972.18,48.07,83.4,123.05,53.56,100.53,95.79,114.82,147.82,93.34,87.9,108.99,65.89,95.79,153.44,196.79,85,101.92,161.91,119.69,19.47,58.12,44.41,47.18,61.6,123.43,19.88,244.93,178.32,75.22,18.04
9/30/2015,1920.03,47.1,80.95,117.38,49.35,103.42,101.79,119.29,132.89,92.24,78.36,106.15,67.84,81.91,155.02,179.51,85.14,97.86,162.24,106.29,18.36,50.91,42.88,46,57.02,122.61,19.78,225.39,177.86,69.62,19.13
10/30/2015,2079.36,46.93,90.69,128.02,54.36,109.17,100.11,121.1,144.84,102.65,88.8,122.3,68.45,92.43,163.01,189.21,94.85,99.72,183.45,119.03,22.24,57.51,40.31,49.53,60.97,132.69,21.49,267.98,197.23,77.05,19.57
11/30/2015,2080.41,47.76,91.77,129.59,43.78,110.72,95.62,119.47,152.09,102.21,88.22,124.33,68.43,92,161.37,193.02,96.37,99.38,181.33,119.35,21.04,56.94,39.88,48.4,65.16,133.95,21.78,272.71,197.72,74.73,20.08
12/31/2015,2043.94,48.28,90.39,129.12,44.01,111.6,98.89,120.1,136.09,97.57,79.76,122.48,71.88,86.06,163.67,186.47,99.48,100.71,180.26,119.32,20.58,51.32,40.55,47.68,62.33,135.91,21.26,254.86,190.22,75.11,19.26
1/29/2016,1940.24,50.3,73.63,128.66,42.41,111.5,106.76,127.32,132.09,97.45,82.64,117.73,75.15,79.79,166.84,188.28,89.89,94.28,149.77,101.26,22.84,46.57,43.18,45.03,59.92,138.19,21.64,245.32,190.68,72.05,18.79
2/29/2016,1932.23,51.47,73.48,127.09,42.3,112.04,108.75,125.99,148.3,101.24,82.58,115.06,74.85,86.79,162.17,196.03,89.56,93.79,148.69,103.64,29.56,49.2,46.43,44.26,64.25,140.2,21.44,249.89,199.49,71.4,20.68
3/31/2016,2059.74,55.32,78.49,140.51,43.94,121.42,119.01,136.88,165.09,105.58,84.92,131.56,80.37,98.13,174.55,189.7,92.93,100.08,159.71,111.9,30.44,56.56,52.88,44.22,71.56,144.18,24.47,288.61,211.9,75.89,21.42
4/29/2016,2065.3,50.12,83.27,143.29,48.33,117.26,115.88,134.61,166.96,111.66,92.51,140.9,77.83,100.63,176.18,207.24,105,94.19,169.6,104.76,40.05,59.63,51.74,48.8,71.89,149.35,21.87,285.77,212.86,78.66,21.27
5/31/2016,2096.96,51.01,81.94,143.49,52.11,116.73,114.84,136.91,164.14,113.39,88.43,140.75,77.68,93.88,174.92,202.76,104.31,92.38,160.09,106.73,37.12,58.71,51,52.22,69.08,151.23,24.63,279.79,215.46,80.69,19.6
6/30/2016,2098.86,54.27,78.75,146.63,52.26,119.56,126.09,150.75,159.08,119.4,91.65,146.09,84.26,98.16,181.85,201.16,107.55,99.39,164.81,105.87,44.83,59.01,54.11,52.98,69.26,162.79,24.15,270.61,224.17,83.29,18.78
7/29/2016,2173.6,54.29,84.01,146.64,54.93,115.08,125.53,148.32,168.88,113.3,93.32,142.82,84.06,108.15,185.87,192.89,109.95,94.59,169.62,121.22,50.43,63.79,55.48,55.51,74.23,168.06,26.2,272.07,228.31,84.81,19.75
8/31/2016,2170.95,51.45,87.99,147.87,53.69,114.55,119.01,141.29,178.73,111.95,91.56,141.66,81.53,107.09,185.65,209.87,84.35,96.78,165.66,113.82,43.82,68.13,51.07,52.82,70.58,161.23,26.91,276.15,230.86,90.78,21.92
9/30/2016,2168.27,52,85.67,147.72,51.74,112.54,119.08,143.64,176.5,112.13,91.72,144.95,81.48,116,185.15,213.34,79.25,96.67,168.59,114.55,45.06,67.42,50.01,51.41,73.04,159.6,28.05,269.58,226.98,90.89,21.83
10/31/2016,2126.15,53.9,86.38,139.75,53.45,112.76,119.48,147.23,171.29,107.04,91.24,147.53,81.91,110.07,179.18,220.72,75.38,99.2,182.27,107,42.48,63.27,51.18,48.13,67.9,156.7,26.93,242.9,212.91,85.52,20.77
11/30/2016,2198.81,49.75,99.2,146.02,53.4,108.24,111.4,142.75,180.18,113.12,98.03,158.64,75.25,126.03,163.79,250.46,83.57,102.05,194.07,103.81,37.2,69.11,49.31,49.24,76.27,151.45,28.66,251.24,222.63,89.12,22.97
12/30/2016,2238.83,49.24,104.69,148.47,56.39,111.21,117.64,152.32,181.75,116.95,98.5,167.38,79.06,122.31,164.31,259.06,86.53,99.68,200.67,104.73,39.13,75.26,53.83,49.76,75.33,156.77,28.95,248.18,231.49,86.42,23.86
1/31/2017,2278.87,48.21,102.13,151.64,54.68,111.51,118.71,152.52,191.75,108.7,98.22,158.35,79.45,127.18,163.13,269.14,73.37,98.69,210.65,114.62,41.67,80.28,54.43,48.61,79.27,154.1,31.59,261.93,226.62,91,23.23
2/28/2017,2363.64,52.13,101.98,160.41,58.42,112.56,124.11,156.76,195,106.34,94.87,161.52,82.58,128.51,184.35,275.28,84.64,104.49,234.15,123.7,39.32,75.41,56.18,52.76,81.86,167.38,33.11,269.31,243.09,96.7,22.73
3/31/2017,2362.72,51.15,102.65,160.88,57.26,114.84,125.11,159.17,202.5,107.24,92.2,154.15,80.89,123.32,184.88,275.2,81.16,100.46,229.77,121.86,37.91,72.66,55.06,52.9,81.53,170.59,32.38,276.28,249.59,93.97,24.95
4/28/2017,2384.2,48.13,100.64,168.96,56.9,116.76,127.72,163.03,206.57,106.77,85.7,153.19,80.93,136.98,182.99,282.16,84.23,104.68,240.13,120.47,38.89,77.22,53,52.45,82.1,169.11,34.6,288.8,255.46,92.18,24.88
5/31/2017,2411.8,47.58,103.1,172.2,52.11,123.03,134.48,170.72,212.96,106.28,82.75,150.12,83.18,141.22,193.96,309.59,81.08,98.46,245.61,126.05,39.28,76.33,56.07,50.98,81.18,176.81,35.09,280.7,268.26,96.29,24.19
6/30/2017,2423.41,47.45,101.63,172.59,51.86,122.36,131.28,166.19,214.2,106.58,78.29,151.35,78.7,143.94,188.3,313.96,83.74,95.17,258.86,134.2,37.31,81.71,55.7,52.45,81.87,182.38,36.23,290.2,273.14,95.48,25.24
7/31/2017,2470.3,51.93,106.01,176.26,52.87,125.06,134.6,168.18,215.36,105.67,81.57,158.4,78.78,153.68,184.41,325.87,86.1,98.04,317.38,136.5,42.82,79.36,59.2,51.78,81.85,182.97,35.13,277.77,263.93,95.16,26.39
8/31/2017,2471.65,53.6,105.93,179.9,52.19,124.27,138.01,176.45,199.15,101.79,75.52,157.69,80.27,158.45,182.98,294.5,91.51,99.53,315.57,141.39,44.17,78.42,58.98,53.46,81.73,183.64,34.86,276.5,269.61,95.13,25.64
9/29/2017,2519.36,50.73,116.31,184.42,53.69,123.8,132.13,169.95,213.11,109.32,83.54,172.17,81.74,168.19,186.07,320.56,96.45,94.3,334.73,148.1,43.3,82.72,58.67,56.27,86.99,180.37,,288,276.97,96.09,24.83
10/31/2017,2575.26,54.21,113.84,187.56,51.62,126.47,140.92,174.86,222.07,111.15,76.65,169.81,86.83,184.2,180.96,339.17,93.89,80.93,339.7,151.25,41.74,83.37,62.63,55.26,89.23,193.41,37.95,308.09,303.75,82.67,26.49
11/30/2017,2647.58,,120.26,203.89,50.77,126.91,146.95,182.95,217.52,112.1,75.27,175.93,86.13,191.45,186.1,382.51,96.22,89.35,366.35,157.22,42.7,83.1,65.48,57.66,90.4,194.46,39.45,310.9,322.38,82.94,27.54
12/29/2017,2673.61,,122.2,200.49,51.03,127.22,140.2,174.67,220.96,112.57,81.3,185.1,80.9,213.74,193.81,401.02,93.31,89.17,390.32,159.17,43.39,85.06,61.87,57.59,97.19,195.01,38.96,310.82,312.08,85.16,26.59
