Date,NAV
20010101,100
20010102,97.2
20010103,102.25
20010104,101.16
20010105,98.51
20010108,98.34
20010109,98.74
20010110,99.69
20010111,100.72
20010112,100.07
20010116,100.71
20010117,100.93
20010118,102.35
20010119,101.93
20010122,101.96
20010123,103.31
20010124,103.62
20010125,103.1
20010126,102.93
20010129,103.63
20010130,104.37
20010131,103.78
20010201,104.37
20010202,102.56
20010205,102.91
20010206,102.77
20010207,101.93
20010208,101.3
20010209,99.92
20010212,101.14
20010213,100.28
20010214,100.08
20010215,100.93
20010216,99.03
20010220,97.32
20010221,95.54
20010222,95.34
20010223,94.82
20010226,96.5
20010227,95.76
20010228,94.44
20010301,94.54
20010302,93.98
20010305,94.55
20010306,95.52
20010307,96.16
20010308,96.37
20010309,93.99
20010312,90.01
20010313,91.41
20010314,89.07
20010315,89.58
20010316,87.84
20010319,89.41
20010320,87.27
20010321,85.73
20010322,85.41
20010323,87.12
20010326,88.09
20010327,90.37
20010328,88.2
20010329,87.79
20010330,88.74
20010402,87.63
20010403,84.66
20010404,84.42
20010405,88.21
20010406,86.46
20010409,87.15
20010410,89.57
20010411,89.39
20010412,90.76
20010416,90.45
20010417,91.4
20010418,95.07
20010419,96.31
20010420,95.48
20010423,94.04
20010424,92.89
20010425,94.39
20010426,94.85
20010427,96.28
20010430,96.01
20010501,97.34
20010502,97.43
20010503,96.01
20010504,97.41
20010507,97.17
20010508,97.01
20010509,96.57
20010510,96.56
20010511,95.84
20010514,96.11
20010515,96.14
20010516,98.94
20010517,99.22
20010518,99.48
20010521,101.12
20010522,100.86
20010523,99.31
20010524,99.64
20010525,98.46
20010529,97.69
20010530,96.19
20010531,96.8
20010601,97.18
20010604,97.67
20010605,98.95
20010606,97.94
20010607,98.47
20010608,97.55
20010611,96.73
20010612,96.83
20010613,95.76
20010614,94.09
20010615,93.66
20010618,93.22
20010619,93.54
20010620,94.36
20010621,95.46
20010622,94.55
20010625,94.02
20010626,93.88
20010627,93.47
20010628,94.68
20010629,94.5
20010702,95.47
20010703,95.33
20010705,94.16
20010706,91.99
20010709,92.62
20010710,91.32
20010711,91.22
20010712,93.42
20010713,94.01
20010716,92.99
20010717,93.93
20010718,93.45
20010719,94
20010720,93.66
20010723,92.13
20010724,90.65
20010725,92.1
20010726,93.06
20010727,93.29
20010730,93.2
20010731,93.71
20010801,94.09
20010802,94.48
20010803,94.01
20010806,92.95
20010807,93.26
20010808,91.67
20010809,91.68
20010810,92.2
20010813,92.29
20010814,91.94
20010815,91.29
20010816,91.56
20010817,90.06
20010820,90.8
20010821,89.7
20010822,90.33
20010823,90.07
20010824,91.85
20010827,91.42
20010828,90.05
20010829,89.05
20010830,87.56
20010831,87.92
20010904,87.87
20010905,87.8
20010906,85.86
20010907,84.28
20010910,84.81
20010917,80.77
20010918,80.31
20010919,79.05
20010920,76.67
20010921,75.2
20010924,78.19
20010925,78.87
20010926,78.5
20010927,79.38
20010928,81.13
20011001,80.96
20011002,81.95
20011003,83.63
20011004,83.41
20011005,83.57
20011008,82.88
20011009,82.44
20011010,84.34
20011011,85.62
20011012,85.19
20011015,85.08
20011016,85.68
20011017,84.08
20011018,83.47
20011019,83.85
20011022,85.15
20011023,84.73
20011024,84.77
20011025,85.95
20011026,86.3
20011029,84.28
20011030,82.85
20011031,82.85
20011101,84.78
20011102,85.04
20011105,86.28
20011106,87.55
20011107,87.34
20011108,87.55
20011109,87.68
20011112,87.54
20011113,89.19
20011114,89.41
20011115,89.51
20011116,89.22
20011119,90.19
20011120,89.54
20011121,89.11
20011123,90.15
20011126,90.72
20011127,90.1
20011128,88.5
20011129,89.43
20011130,89.37
20011203,88.62
20011204,89.79
20011205,91.86
20011206,91.62
20011207,90.93
20011210,89.51
20011211,89.25
20011212,89.3
20011213,87.92
20011214,88.21
20011217,89.11
20011218,89.8
20011219,90.33
20011220,89.6
20011221,89.98
20011224,89.95
20011226,90.32
20011227,90.95
20011228,91.25
20011231,90.25
20020102,90.78
20020103,91.63
20020104,92.2
20020107,91.61
20020108,91.3
20020109,90.87
20020110,90.99
20020111,90.14
20020114,89.58
20020115,90.19
20020116,88.72
20020117,89.65
20020118,88.76
20020122,88.13
20020123,88.8
20020124,89.11
20020125,89.2
20020128,89.18
20020129,86.66
20020130,87.7
20020131,89.03
20020201,88.38
20020204,86.23
20020205,85.9
20020206,85.39
20020207,85.14
20020208,86.42
20020211,87.67
20020212,87.32
20020213,88.23
20020214,88.08
20020215,87.11
20020219,85.49
20020220,86.67
20020221,85.33
20020222,86.01
20020225,87.58
20020226,87.58
20020227,87.66
20020228,87.41
20020301,89.42
20020304,91.19
20020305,90.58
20020306,91.91
20020307,91.5
20020308,92.04
20020311,92.34
20020312,92.13
20020313,91.25
20020314,91.17
20020315,92.22
20020318,92.16
20020319,92.54
20020320,91.09
20020321,91.23
20020322,90.86
20020325,89.53
20020326,90.08
20020327,90.55
20020328,90.78
20020401,90.69
20020402,89.91
20020403,89.04
20020404,89.13
20020405,88.84
20020408,89.07
20020409,88.47
20020410,89.49
20020411,87.4
20020412,88
20020415,87.31
20020416,89.37
20020417,89.19
20020418,89.07
20020419,89.11
20020422,87.75
20020423,87.22
20020424,86.6
20020425,86.47
20020426,85.28
20020429,84.42
20020430,85.34
20020501,86.11
20020502,85.96
20020503,85.07
20020506,83.43
20020507,83.18
20020508,86.38
20020509,85.14
20020510,83.72
20020513,85.3
20020514,87.14
20020515,86.67
20020516,87.24
20020517,87.93
20020520,86.78
20020521,85.82
20020522,86.31
20020523,87.19
20020524,86.13
20020528,85.4
20020529,84.86
20020530,84.63
20020531,84.82
20020603,82.73
20020604,82.74
20020605,83.51
20020606,81.87
20020607,81.75
20020610,82.03
20020611,80.66
20020612,81.22
20020613,80.38
20020614,80.21
20020617,82.54
20020618,82.62
20020619,81.27
20020620,80.18
20020621,78.82
20020624,79.11
20020625,77.78
20020626,77.62
20020627,78.99
20020628,78.91
20020701,77.22
20020702,75.62
20020703,76.09
20020705,78.93
20020708,77.99
20020709,76.08
20020710,73.59
20020711,74.15
20020712,73.69
20020715,73.44
20020716,72.1
20020717,72.5
20020718,70.55
20020719,67.92
20020722,65.73
20020723,63.99
20020724,67.78
20020725,67.39
20020726,68.55
20020729,72.38
20020730,72.69
20020731,73.41
20020801,71.27
20020802,69.66
20020805,67.31
20020806,69.36
20020807,70.78
20020808,73.15
20020809,73.42
20020812,73.04
20020813,71.47
20020814,74.42
20020815,75.29
20020816,75.17
20020819,76.98
20020820,75.91
20020821,76.89
20020822,77.99
20020823,76.24
20020826,76.83
20020827,75.76
20020828,74.41
20020829,74.41
20020830,74.27
20020903,71.24
20020904,72.53
20020905,71.38
20020906,72.59
20020909,73.34
20020910,73.89
20020911,73.89
20020912,72.09
20020913,72.33
20020916,72.44
20020917,71.01
20020918,70.7
20020919,68.59
20020920,68.76
20020923,67.81
20020924,66.65
20020925,68.35
20020926,69.61
20020927,67.4
20020930,66.41
20021001,69.13
20021002,67.53
20021003,66.8
20021004,65.32
20021007,64.09
20021008,65.21
20021009,63.46
20021010,65.73
20021011,68.35
20021014,68.86
20021015,72.2
20021016,70.49
20021017,72.09
20021018,72.52
20021021,73.78
20021022,73.01
20021023,73.5
20021024,72.38
20021025,73.64
20021028,73.04
20021029,72.39
20021030,73.12
20021031,72.72
20021101,73.99
20021104,74.59
20021105,75.17
20021106,75.87
20021107,74.17
20021108,73.53
20021111,72.01
20021112,72.57
20021113,72.56
20021114,74.39
20021115,74.85
20021118,74.08
20021119,73.78
20021120,75.25
20021121,76.89
20021122,76.61
20021125,76.81
20021126,75.24
20021127,77.39
20021129,77.17
20021202,77.03
20021203,75.91
20021204,75.67
20021205,74.76
20021206,75.22
20021209,73.58
20021210,74.62
20021211,74.68
20021212,74.4
20021213,73.41
20021216,75.16
20021217,74.55
20021218,73.58
20021219,73.03
20021220,73.99
20021223,74.12
20021224,73.71
20021226,73.48
20021227,72.34
20021230,72.68
20021231,72.73
20030102,75.18
20030103,75.16
20030106,76.86
20030107,76.36
20030108,75.32
20030109,76.79
20030110,76.78
20030113,76.68
20030114,77.12
20030115,76.02
20030116,75.72
20030117,74.67
20030121,73.51
20030122,72.75
20030123,73.48
20030124,71.37
20030127,70.23
20030128,71.14
20030129,71.64
20030130,70.05
20030131,70.97
20030203,71.36
20030204,70.37
20030205,69.99
20030206,69.55
20030207,68.86
20030210,69.39
20030211,68.83
20030212,68
20030213,67.89
20030214,69.35
20030218,70.72
20030219,70.25
20030220,69.59
20030221,70.51
20030224,69.24
20030225,69.73
20030226,68.85
20030227,69.66
20030228,69.97
20030303,69.45
20030304,68.39
20030305,69.07
20030306,68.45
20030307,69.02
20030310,67.26
20030311,66.71
20030312,67.03
20030313,69.38
20030314,69.48
20030317,72
20030318,72.31
20030319,72.95
20030320,73.1
20030321,74.8
20030324,72.22
20030325,73.1
20030326,72.71
20030327,72.6
20030328,72.19
20030331,70.91
20030401,71.78
20030402,73.7
20030403,73.33
20030404,73.53
20030407,73.62
20030408,73.51
20030409,72.49
20030410,72.95
20030411,72.69
20030414,74.12
20030415,74.6
20030416,73.7
20030417,74.86
20030421,74.72
20030422,76.36
20030423,77.03
20030424,76.39
20030425,75.34
20030428,76.71
20030429,76.97
20030430,76.9
20030501,76.86
20030502,78.04
20030505,77.77
20030506,78.43
20030507,78.03
20030508,77.26
20030509,78.38
20030512,79.38
20030513,79.16
20030514,78.93
20030515,79.55
20030516,79.36
20030519,77.4
20030520,77.32
20030521,77.63
20030522,78.35
20030523,78.47
20030527,80.03
20030528,80.19
20030529,79.89
20030530,81.09
20030602,81.36
20030603,81.75
20030604,83.01
20030605,83.35
20030606,83.15
20030609,82.17
20030610,82.92
20030611,84.03
20030612,84.11
20030613,83.27
20030616,85.16
20030617,85.25
20030618,85.13
20030619,83.85
20030620,83.94
20030623,82.75
20030624,82.91
20030625,82.24
20030626,83.15
20030627,82.33
20030630,82.21
20030701,82.88
20030702,83.85
20030703,83.19
20030707,84.76
20030708,85.06
20030709,84.61
20030710,83.49
20030711,84.29
20030714,84.81
20030715,84.48
20030716,83.97
20030717,82.94
20030718,83.92
20030721,82.7
20030722,83.5
20030723,83.57
20030724,82.96
20030725,84.42
20030728,84.24
20030729,83.63
20030730,83.5
20030731,83.76
20030801,82.91
20030804,83.13
20030805,81.68
20030806,81.84
20030807,82.44
20030808,82.74
20030811,83
20030812,83.85
20030813,83.33
20030814,83.88
20030815,83.91
20030818,84.7
20030819,84.93
20030820,84.76
20030821,85.02
20030822,84.15
20030825,84.21
20030826,84.46
20030827,84.49
20030828,85.01
20030829,85.46
20030902,86.66
20030903,87.04
20030904,87.18
20030905,86.63
20030908,87.52
20030909,86.78
20030910,85.77
20030911,86.26
20030912,86.46
20030915,86.14
20030916,87.37
20030917,87.09
20030918,88.25
20030919,87.99
20030922,86.83
20030923,87.36
20030924,85.72
20030925,85.23
20030926,84.69
20030929,85.5
20030930,84.62
20031001,86.51
20031002,86.72
20031003,87.53
20031006,87.92
20031007,88.33
20031008,87.92
20031009,88.35
20031010,88.28
20031013,88.88
20031014,89.23
20031015,89
20031016,89.28
20031017,88.38
20031020,88.83
20031021,88.95
20031022,87.65
20031023,87.93
20031024,87.51
20031027,87.69
20031028,89.03
20031029,89.17
20031030,89.08
20031031,89.39
20031103,90.12
20031104,89.63
20031105,89.54
20031106,90.06
20031107,89.66
20031110,89.15
20031111,89.11
20031112,90.17
20031113,90.16
20031114,89.5
20031117,88.9
20031118,88.13
20031119,88.86
20031120,88.12
20031121,88.24
20031124,89.66
20031125,89.85
20031126,90.24
20031128,90.26
20031201,91.25
20031202,90.96
20031203,90.85
20031204,91.26
20031205,90.57
20031208,91.2
20031209,90.46
20031210,90.38
20031211,91.45
20031212,91.69
20031215,91.19
20031216,91.77
20031217,91.91
20031218,93.02
20031219,92.98
20031222,93.34
20031223,93.6
20031224,93.44
20031226,93.59
20031229,94.79
20031230,94.79
20031231,94.98
20040102,94.72
20040105,95.9
20040106,96.05
20040107,96.3
20040108,96.75
20040109,95.93
20040112,96.39
20040113,95.87
20040114,96.67
20040115,96.82
20040116,97.47
20040120,97.41
20040121,98.16
20040122,97.86
20040123,97.63
20040126,98.83
20040127,97.88
20040128,96.59
20040129,97.08
20040130,96.84
20040202,97.19
20040203,97.25
20040204,96.46
20040205,96.66
20040206,97.87
20040209,97.65
20040210,98.12
20040211,99.24
20040212,98.79
20040213,98.27
20040217,99.23
20040218,98.79
20040219,98.4
20040220,98.15
20040223,97.87
20040224,97.72
20040225,98.14
20040226,98.26
20040227,98.26
20040301,99.22
20040302,98.66
20040303,98.84
20040304,99.16
20040305,99.35
20040308,98.53
20040309,97.97
20040310,96.54
20040311,95.11
20040312,96.29
20040315,94.93
20040316,95.48
20040317,96.6
20040318,96.49
20040319,95.41
20040322,94.18
20040323,94.07
20040324,93.84
20040325,95.37
20040326,95.29
20040329,96.55
20040330,96.94
20040331,96.88
20040401,97.4
20040402,98.24
20040405,98.99
20040406,98.8
20040407,98.17
20040408,98.06
20040412,98.56
20040413,97.22
20040414,97.09
20040415,97.16
20040416,97.66
20040419,97.76
20040420,96.26
20040421,96.78
20040422,98.16
20040423,98.2
20040426,97.78
20040427,98
20040428,96.65
20040429,95.96
20040430,95.41
20040503,96.28
20040504,96.47
20040505,96.66
20040506,96.02
20040507,94.7
20040510,93.72
20040511,94.45
20040512,94.65
20040513,94.58
20040514,94.52
20040517,93.54
20040518,94.19
20040519,93.96
20040520,94
20040521,94.39
20040524,94.54
20040525,96.07
20040526,96.25
20040527,96.81
20040528,96.76
20040601,96.81
20040602,97.17
20040603,96.45
20040604,96.97
20040607,98.53
20040608,98.68
20040609,97.75
20040610,98.2
20040614,97.26
20040615,97.86
20040616,97.99
20040617,97.87
20040618,98.12
20040621,97.73
20040622,98.09
20040623,98.93
20040624,98.66
20040625,98.23
20040628,98.03
20040629,98.29
20040630,98.69
20040701,97.68
20040702,97.37
20040706,96.59
20040707,96.79
20040708,96
20040709,96.32
20040712,96.45
20040713,96.54
20040714,96.22
20040715,95.79
20040716,95.35
20040719,95.3
20040720,95.97
20040721,94.73
20040722,94.96
20040723,94.06
20040726,93.88
20040727,94.81
20040728,94.89
20040729,95.36
20040730,95.47
20040802,95.87
20040803,95.27
20040804,95.2
20040805,93.66
20040806,92.23
20040809,92.34
20040810,93.54
20040811,93.32
20040812,92.25
20040813,92.4
20040816,93.66
20040817,93.87
20040818,95.07
20040819,94.73
20040820,95.35
20040823,95.12
20040824,95.17
20040825,95.94
20040826,95.95
20040827,96.2
20040830,95.46
20040831,95.91
20040901,96.09
20040902,97.17
20040903,96.77
20040907,97.44
20040908,97.02
20040909,97.21
20040910,97.7
20040913,97.88
20040914,98.11
20040915,97.42
20040916,97.69
20040917,98.14
20040920,97.58
20040921,98.2
20040922,96.85
20040923,96.42
20040924,96.57
20040927,95.99
20040928,96.58
20040929,97
20040930,96.98
20041001,98.45
20041004,98.79
20041005,98.73
20041006,99.42
20041007,98.44
20041008,97.71
20041011,97.91
20041012,97.68
20041013,96.97
20041014,96.07
20041015,96.5
20041018,97
20041019,96.06
20041020,96.11
20041021,96.37
20041022,95.44
20041025,95.36
20041026,96.77
20041027,98.05
20041028,98.25
20041029,98.49
20041101,98.53
20041102,98.54
20041103,99.66
20041104,101.29
20041105,101.69
20041108,101.59
20041109,101.56
20041110,101.47
20041111,102.4
20041112,103.32
20041115,103.32
20041116,102.6
20041117,103.18
20041118,103.32
20041119,102.18
20041122,102.78
20041123,102.76
20041124,103.19
20041126,103.27
20041129,102.94
20041130,102.53
20041201,104.09
20041202,104
20041203,104.08
20041206,104.01
20041207,102.89
20041208,103.38
20041209,103.94
20041210,103.83
20041213,104.77
20041214,105.19
20041215,105.41
20041216,105.19
20041217,104.44
20041220,104.45
20041221,105.4
20041222,105.79
20041223,105.85
20041227,105.39
20041228,106.14
20041229,106.16
20041230,106.17
20041231,106.03
20050103,105.16
20050104,103.97
20050105,103.6
20050106,103.99
20050107,103.84
20050110,104.19
20050111,103.57
20050112,104.03
20050113,103.13
20050114,103.76
20050118,104.78
20050119,103.79
20050120,103
20050121,102.33
20050124,101.97
20050125,102.37
20050126,102.87
20050127,102.94
20050128,102.66
20050131,103.54
20050201,104.27
20050202,104.61
20050203,104.36
20050204,105.53
20050207,105.41
20050208,105.5
20050209,104.61
20050210,105.06
20050211,105.82
20050214,105.91
20050215,106.25
20050216,106.27
20050217,105.45
20050218,105.52
20050222,104.01
20050223,104.6
20050224,105.46
20050225,106.47
20050228,105.78
20050301,106.37
20050302,106.39
20050303,106.43
20050304,107.46
20050307,107.74
20050308,107.22
20050309,106.16
20050310,106.34
20050311,105.59
20050314,106.18
20050315,105.39
20050316,104.55
20050317,104.73
20050318,104.68
20050321,104.17
20050322,103.12
20050323,103.2
20050324,103.11
20050328,103.36
20050329,102.59
20050330,104.03
20050331,103.96
20050401,103.28
20050404,103.6
20050405,104.06
20050406,104.31
20050407,104.94
20050408,104.08
20050411,104.08
20050412,104.66
20050413,103.45
20050414,102.43
20050415,100.73
20050418,101.02
20050419,101.63
20050420,100.31
20050421,102.28
20050422,101.61
20050425,102.48
20050426,101.59
20050427,102.01
20050428,100.88
20050429,102.09
20050502,102.56
20050503,102.49
20050504,103.77
20050505,103.53
20050506,103.41
20050509,104.08
20050510,102.97
20050511,103.45
20050512,102.42
20050513,101.97
20050516,103.02
20050517,103.75
20050518,104.82
20050519,105.32
20050520,105.15
20050523,105.57
20050524,105.58
20050525,105.23
20050526,105.92
20050527,106.04
20050531,105.4
20050601,106.38
20050602,106.58
20050603,105.85
20050606,105.99
20050607,105.97
20050608,105.75
20050609,106.32
20050610,106.07
20050613,106.34
20050614,106.63
20050615,106.88
20050616,107.27
20050617,107.79
20050620,107.72
20050621,107.49
20050622,107.53
20050623,106.39
20050624,105.59
20050627,105.51
20050628,106.5
20050629,106.37
20050630,105.61
20050701,105.91
20050705,106.87
20050706,106.01
20050707,106.27
20050708,107.52
20050711,108.2
20050712,108.45
20050713,108.56
20050714,108.85
20050715,108.97
20050718,108.37
20050719,109.12
20050720,109.64
20050721,108.92
20050722,109.5
20050725,109.09
20050726,109.27
20050727,109.79
20050728,110.43
20050729,109.59
20050801,109.69
20050802,110.48
20050803,110.59
20050804,109.77
20050805,108.94
20050808,108.65
20050809,109.38
20050810,109.22
20050811,110
20050812,109.35
20050815,109.68
20050816,108.38
20050817,108.49
20050818,108.39
20050819,108.46
20050822,108.63
20050823,108.26
20050824,107.56
20050825,107.81
20050826,107.18
20050829,107.84
20050830,107.51
20050831,108.6
20050901,108.73
20050902,108.41
20050906,109.8
20050907,110.08
20050908,109.66
20050909,110.54
20050912,110.47
20050913,109.66
20050914,109.3
20050915,109.35
20050916,110.23
20050919,109.64
20050920,108.79
20050921,107.77
20050922,108.2
20050923,108.26
20050926,108.29
20050927,108.3
20050928,108.43
20050929,109.4
20050930,109.51
20051003,109.33
20051004,108.26
20051005,106.71
20051006,106.27
20051007,106.67
20051010,105.91
20051011,105.71
20051012,105.08
20051013,105.02
20051014,105.89
20051017,106.21
20051018,105.16
20051019,106.75
20051020,105.16
20051021,105.33
20051024,107.11
20051025,106.85
20051026,106.4
20051027,105.3
20051028,107.06
20051031,107.87
20051101,107.5
20051102,108.6
20051103,109.1
20051104,109.13
20051107,109.39
20051108,109.06
20051109,109.24
20051110,110.21
20051111,110.55
20051114,110.47
20051115,110.06
20051116,110.28
20051117,111.32
20051118,111.82
20051121,112.41
20051122,112.98
20051123,113.39
20051125,113.62
20051128,112.67
20051129,112.68
20051130,112
20051201,113.36
20051202,113.4
20051205,113.13
20051206,113.27
20051207,112.73
20051208,112.62
20051209,112.94
20051212,113.05
20051213,113.69
20051214,114.17
20051215,114.01
20051216,113.69
20051219,113.02
20051220,112.99
20051221,113.27
20051222,113.76
20051223,113.82
20051227,112.74
20051228,112.91
20051229,112.58
20051230,112.02
20060103,113.86
20060104,114.31
20060105,114.32
20060106,115.41
20060109,115.84
20060110,115.8
20060111,116.23
20060112,115.49
20060113,115.62
20060117,115.19
20060118,114.75
20060119,115.4
20060120,113.31
20060123,113.53
20060124,113.8
20060125,113.61
20060126,114.44
20060127,115.35
20060130,115.5
20060131,115.04
20060201,115.26
20060202,114.28
20060203,113.65
20060206,113.72
20060207,112.81
20060208,113.84
20060209,113.68
20060210,113.97
20060213,113.6
20060214,114.77
20060215,115.22
20060216,116.07
20060217,115.87
20060221,115.49
20060222,116.37
20060223,115.97
20060224,116.12
20060227,116.57
20060228,115.35
20060301,116.33
20060302,116.14
20060303,115.99
20060306,115.18
20060307,114.97
20060308,115.23
20060309,114.68
20060310,115.53
20060313,115.78
20060314,116.99
20060315,117.51
20060316,117.75
20060317,117.93
20060320,117.76
20060321,117.06
20060322,117.75
20060323,117.45
20060324,117.56
20060327,117.43
20060328,116.68
20060329,117.57
20060330,117.34
20060331,116.86
20060403,117.12
20060404,117.84
20060405,118.36
20060406,118.16
20060407,116.93
20060410,117.03
20060411,116.15
20060412,116.31
20060413,116.37
20060417,116.03
20060418,118.05
20060419,118.28
20060420,118.42
20060421,118.39
20060424,118.12
20060425,117.55
20060426,117.89
20060427,118.3
20060428,118.31
20060501,117.84
20060502,118.55
20060503,118.1
20060504,118.5
20060505,119.73
20060508,119.65
20060509,119.69
20060510,119.54
20060511,118.02
20060512,116.7
20060515,117.02
20060516,116.81
20060517,114.88
20060518,114.16
20060519,114.62
20060522,114.18
20060523,113.7
20060524,113.91
20060525,115.25
20060526,115.91
20060530,114.09
20060531,115.04
20060601,116.45
20060602,116.66
20060605,114.62
20060606,114.48
20060607,113.81
20060608,113.98
20060609,113.48
20060612,112.05
20060613,110.94
20060614,111.53
20060615,113.94
20060616,113.53
20060619,112.53
20060620,112.53
20060621,113.64
20060622,113.06
20060623,112.96
20060626,113.5
20060627,112.48
20060628,113.12
20060629,115.56
20060630,115.34
20060703,116.23
20060705,115.4
20060706,115.71
20060707,114.92
20060710,115.11
20060711,115.57
20060712,114.31
20060713,112.84
20060714,112.27
20060717,112.11
20060718,112.33
20060719,114.44
20060720,113.48
20060721,112.7
20060724,114.58
20060725,115.34
20060726,115.3
20060727,114.81
20060728,116.23
20060731,116.07
20060801,115.53
20060802,116.25
20060803,116.45
20060804,116.39
20060807,116.07
20060808,115.7
20060809,115.21
20060810,115.78
20060811,115.34
20060814,115.49
20060815,117.08
20060816,117.99
20060817,118.2
20060818,118.64
20060821,118.21
20060822,118.3
20060823,117.78
20060824,118.05
20060825,117.98
20060828,118.6
20060829,118.87
20060830,118.92
20060831,118.9
20060901,119.55
20060905,119.77
20060906,118.62
20060907,118.06
20060908,118.53
20060911,118.61
20060912,119.86
20060913,120.35
20060914,120.22
20060915,120.54
20060918,120.66
20060919,120.4
20060920,121.05
20060921,120.43
20060922,120.12
20060925,121.17
20060926,122.09
20060927,122.14
20060928,122.39
20060929,122.08
20061002,121.66
20061003,121.92
20061004,123.41
20061005,123.72
20061006,123.39
20061009,123.49
20061010,123.75
20061011,123.44
20061012,124.62
20061013,124.87
20061016,125.19
20061017,124.73
20061018,124.92
20061019,125
20061020,125.18
20061023,125.99
20061024,126.03
20061025,126.44
20061026,127.1
20061027,126.03
20061030,126.08
20061031,126.08
20061101,125.18
20061102,125.15
20061103,124.86
20061106,126.27
20061107,126.55
20061108,126.85
20061109,126.18
20061110,126.42
20061113,126.77
20061114,127.6
20061115,127.95
20061116,128.23
20061117,128.36
20061120,128.31
20061121,128.52
20061122,128.87
20061124,128.4
20061127,126.64
20061128,127.1
20061129,128.32
20061130,128.42
20061201,128.04
20061204,129.2
20061205,129.71
20061206,129.58
20061207,129.07
20061208,129.3
20061211,129.6
20061212,129.46
20061213,129.64
20061214,130.78
20061215,130.93
20061218,130.49
20061219,130.77
20061220,130.59
20061221,130.14
20061222,129.47
20061226,130.04
20061227,130.98
20061228,130.79
20061229,130.2
20070103,130.13
20070104,130.3
20070105,129.5
20070108,129.83
20070109,129.78
20070110,130.05
20070111,130.9
20070112,131.52
20070116,131.63
20070117,131.52
20070118,131.13
20070119,131.51
20070122,130.83
20070123,131.27
20070124,132.39
20070125,130.94
20070126,130.78
20070129,130.65
20070130,131.4
20070131,132.29
20070201,133.03
20070202,133.25
20070205,133.14
20070206,133.23
20070207,133.48
20070208,133.33
20070209,132.41
20070212,131.98
20070213,132.99
20070214,134.03
20070215,134.2
20070216,134.09
20070220,134.51
20070221,134.33
20070222,134.25
20070223,133.78
20070226,133.64
20070227,129.11
20070228,129.82
20070301,129.51
20070302,128.04
20070305,126.85
20070306,128.83
20070307,128.54
20070308,129.46
20070309,129.54
20070312,129.9
20070313,127.3
20070314,128.15
20070315,128.64
20070316,128.16
20070319,129.56
20070320,130.39
20070321,132.64
20070322,132.6
20070323,132.74
20070326,132.86
20070327,132.04
20070328,131.02
20070329,131.51
20070330,131.37
20070402,131.71
20070403,132.98
20070404,133.13
20070405,133.56
20070409,133.65
20070410,133.99
20070411,133.09
20070412,133.91
20070413,134.37
20070416,135.85
20070417,136.13
20070418,136.22
20070419,136.05
20070420,137.33
20070423,137.01
20070424,136.95
20070425,138.35
20070426,138.28
20070427,138.27
20070430,137.19
20070501,137.56
20070502,138.46
20070503,139.1
20070504,139.39
20070507,139.76
20070508,139.6
20070509,140.08
20070510,138.17
20070511,139.51
20070514,139.27
20070515,139.09
20070516,140.32
20070517,140.2
20070518,141.13
20070521,141.34
20070522,141.25
20070523,141.07
20070524,139.73
20070525,140.5
20070529,140.75
20070530,141.92
20070531,141.97
20070601,142.52
20070604,142.83
20070605,142.06
20070606,140.84
20070607,138.4
20070608,139.98
20070611,140.1
20070612,138.62
20070613,140.76
20070614,141.43
20070615,142.35
20070618,142.18
20070619,142.42
20070620,140.51
20070621,141.39
20070622,139.6
20070625,139.15
20070626,138.71
20070627,139.99
20070628,139.93
20070629,139.71
20070702,141.23
20070703,141.76
20070705,141.81
20070706,142.34
20070709,142.47
20070710,140.45
20070711,141.27
20070712,143.99
20070713,144.44
20070716,144.17
20070717,144.15
20070718,143.85
20070719,144.51
20070720,142.75
20070723,143.44
20070724,140.66
20070725,141.31
20070726,138.05
20070727,135.87
20070730,137.25
20070731,135.54
20070801,136.54
20070802,137.19
20070803,133.61
20070806,136.87
20070807,137.7
20070808,139.72
20070809,135.71
20070810,135.71
20070813,135.67
20070814,133.21
20070815,131.42
20070816,131.86
20070817,135.12
20070820,135.08
20070821,135.24
20070822,136.84
20070823,136.67
20070824,138.29
20070827,137.12
20070828,133.95
20070829,136.96
20070830,136.39
20070831,137.93
20070904,139.37
20070905,137.84
20070906,138.45
20070907,136.14
20070910,135.95
20070911,137.83
20070912,137.87
20070913,139.04
20070914,139.08
20070917,138.37
20070918,142.46
20070919,143.35
20070920,142.43
20070921,143.09
20070924,142.35
20070925,142.29
20070926,143.08
20070927,143.65
20070928,143.22
20071001,145.13
20071002,145.12
20071003,144.5
20071004,144.81
20071005,146.24
20071008,145.79
20071009,146.98
20071010,146.75
20071011,146.01
20071012,146.7
20071015,145.47
20071016,144.51
20071017,144.79
20071018,144.69
20071019,141.03
20071022,141.59
20071023,142.83
20071024,142.47
20071025,142.37
20071026,144.37
20071029,144.93
20071030,144.03
20071031,145.77
20071101,142.02
20071102,142.15
20071105,141.44
20071106,143.15
20071107,139.12
20071108,139.01
20071109,137.03
20071112,135.69
20071113,139.76
20071114,138.82
20071115,137.03
20071116,137.74
20071119,135.37
20071120,135.99
20071121,133.86
20071123,136.15
20071126,133.07
20071127,135.05
20071128,139
20071129,139.07
20071130,140.15
20071203,139.33
20071204,138.45
20071205,140.69
20071206,142.83
20071207,142.57
20071210,143.65
20071211,140.07
20071212,140.94
20071213,141.13
20071214,139.21
20071217,137.15
20071218,138.02
20071219,137.84
20071220,138.56
20071221,140.91
20071224,142.06
20071226,142.16
20071227,140.19
20071228,140.4
20071231,139.44
20080102,137.48
20080103,137.49
20080104,134.17
20080107,134.61
20080108,132.25
20080109,134.02
20080110,135.1
20080111,133.26
20080114,134.7
20080115,131.39
20080116,130.69
20080117,127.02
20080118,126.25
20080122,124.89
20080123,127.57
20080124,128.85
20080125,126.83
20080128,129.06
20080129,129.84
20080130,129.2
20080131,131.23
20080201,133.03
20080204,131.65
20080205,127.54
20080206,126.61
20080207,127.65
20080208,127.12
20080211,127.88
20080212,128.82
20080213,130.62
20080214,128.86
20080215,128.96
20080219,128.84
20080220,129.92
20080221,128.32
20080222,129.33
20080225,131.13
20080226,132.06
20080227,131.96
20080228,130.79
20080229,127.31
20080303,127.37
20080304,126.95
20080305,127.66
20080306,124.92
20080307,123.9
20080310,122.01
20080311,126.63
20080312,125.56
20080313,126.21
20080314,123.65
20080317,122.54
20080318,127.82
20080319,124.8
20080320,127.88
20080324,129.82
20080325,130.12
20080326,128.99
20080327,127.54
20080328,126.53
20080331,127.25
20080401,131.89
20080402,131.67
20080403,131.84
20080404,131.94
20080407,132.14
20080408,131.52
20080409,130.48
20080410,131.08
20080411,128.47
20080414,128.06
20080415,128.67
20080416,131.62
20080417,131.71
20080418,134.09
20080421,133.9
20080422,132.74
20080423,133.15
20080424,134
20080425,134.82
20080428,134.67
20080429,134.17
20080430,133.62
20080501,135.95
20080502,136.36
20080505,135.75
20080506,136.78
20080507,134.41
20080508,134.9
20080509,134.05
20080512,135.56
20080513,135.52
20080514,136.1
20080515,137.56
20080516,137.72
20080519,137.84
20080520,136.56
20080521,134.39
20080522,134.79
20080523,133.04
20080527,133.97
20080528,134.52
20080529,135.27
20080530,135.47
20080602,134.05
20080603,133.3
20080604,133.33
20080605,135.98
20080606,131.87
20080609,132
20080610,131.71
20080611,129.51
20080612,129.98
20080613,131.95
20080616,131.97
20080617,131.07
20080618,129.81
20080619,130.34
20080620,127.94
20080623,127.95
20080624,127.61
20080625,128.39
20080626,124.72
20080627,124.25
20080630,124.4
20080701,124.91
20080702,122.68
20080703,122.81
20080707,121.82
20080708,123.99
20080709,121.21
20080710,122.08
20080711,120.74
20080714,119.68
20080715,118.43
20080716,121.44
20080717,122.88
20080718,122.87
20080721,122.78
20080722,124.47
20080723,124.97
20080724,122.14
20080725,122.66
20080728,120.42
20080729,123.28
20080730,125.33
20080731,123.73
20080801,123.04
20080804,121.97
20080805,125.54
20080806,126.05
20080807,123.79
20080808,126.79
20080811,127.72
20080812,126.24
20080813,125.89
20080814,126.59
20080815,127.13
20080818,125.25
20080819,124.1
20080820,124.87
20080821,125.19
20080822,126.64
20080825,124.2
20080826,124.65
20080827,125.66
20080828,127.54
20080829,125.8
20080902,125.31
20080903,125.11
20080904,121.46
20080905,122.02
20080908,124.53
20080909,120.42
20080910,121.15
20080911,122.89
20080912,123.13
20080915,117.54
20080916,119.57
20080917,114.08
20080918,119.08
20080919,123.96
20080922,119.34
20080923,117.53
20080924,117.32
20080925,119.64
20080926,120.06
20080929,110.05
20080930,116.15
20081001,115.63
20081002,111.13
20081003,109.66
20081006,105.59
20081007,99.63
20081008,98.55
20081009,91.36
20081010,90.35
20081013,101.37
20081014,100.76
20081015,92.09
20081016,96.17
20081017,95.57
20081020,100.18
20081021,97.16
20081022,91.58
20081023,92.59
20081024,89.48
20081027,86.68
20081028,96.5
20081029,95.4
20081030,98.01
20081031,99.52
20081103,99.25
20081104,103.33
20081105,98.1
20081106,93.36
20081107,96.11
20081110,94.94
20081111,92.88
20081112,88.25
20081113,94.54
20081114,90.68
20081117,88.37
20081118,89.27
20081119,84.02
20081120,78.66
20081121,83.79
20081124,89.28
20081125,89.87
20081126,93.12
20081128,93.98
20081201,86
20081202,89.46
20081203,91.87
20081204,89.27
20081205,92.64
20081208,96.23
20081209,94.04
20081210,95.15
20081211,92.5
20081212,93.17
20081215,91.99
20081216,96.8
20081217,95.9
20081218,93.93
20081219,94.22
20081222,92.55
20081223,91.67
20081224,92.25
20081226,92.73
20081229,92.38
20081230,94.66
20081231,96
20090102,99.1
20090105,98.64
20090106,99.4
20090107,96.53
20090108,96.79
20090109,94.79
20090112,92.7
20090113,92.89
20090114,89.86
20090115,90
20090116,90.7
20090120,86.09
20090121,89.84
20090122,88.47
20090123,88.93
20090126,89.43
20090127,90.41
20090128,93.45
20090129,90.46
20090130,88.43
20090202,88.38
20090203,89.82
20090204,89.2
20090205,90.72
20090206,93.22
20090209,93.34
20090210,88.92
20090211,89.68
20090212,89.87
20090213,88.97
20090217,85.11
20090218,85.09
20090219,84.14
20090220,83.23
20090223,80.4
20090224,83.64
20090225,82.75
20090226,81.46
20090227,79.62
20090302,76.03
20090303,75.55
20090304,77.38
20090305,74.22
20090306,74.32
20090309,73.59
20090310,78.35
20090311,78.59
20090312,81.85
20090313,82.47
20090316,82.15
20090317,84.82
20090318,86.59
20090319,85.52
20090320,83.88
20090323,89.99
20090324,88.34
20090325,89.04
20090326,91.15
20090327,89.43
20090330,86.34
20090331,87.48
20090401,88.95
20090402,91.53
20090403,92.43
20090406,91.67
20090407,89.56
20090408,90.62
20090409,94.05
20090413,94.31
20090414,92.46
20090415,93.58
20090416,95.05
20090417,95.51
20090420,91.56
20090421,93.51
20090422,92.81
20090423,93.75
20090424,95.31
20090427,94.38
20090428,94.1
20090429,96.16
20090430,96.08
20090501,96.55
20090504,99.8
20090505,99.47
20090506,101.18
20090507,99.85
20090508,102.24
20090511,100.16
20090512,100.09
20090513,97.5
20090514,98.49
20090515,97.39
20090518,100.4
20090519,100.25
20090520,99.75
20090521,98.13
20090522,98.01
20090526,100.62
20090527,98.75
20090528,100.27
20090529,101.64
20090601,104.32
20090602,104.51
20090603,103.16
20090604,104.34
20090605,104.1
20090608,104
20090609,104.38
20090610,104.02
20090611,104.64
20090612,104.8
20090615,102.34
20090616,101.07
20090617,100.96
20090618,101.81
20090619,102.13
20090622,99.14
20090623,99.34
20090624,100.02
20090625,102.18
20090626,102.02
20090629,102.93
20090630,102.08
20090701,102.52
20090702,99.61
20090706,99.85
20090707,97.92
20090708,97.84
20090709,98.16
20090710,97.77
20090713,100.22
20090714,100.75
20090715,103.77
20090716,104.66
20090717,104.62
20090720,105.82
20090721,106.21
20090722,106.17
20090723,108.64
20090724,108.94
20090727,109.24
20090728,108.97
20090729,108.51
20090730,109.81
20090731,109.88
20090803,111.56
20090804,111.89
20090805,111.59
20090806,110.97
20090807,112.45
20090810,112.08
20090811,110.74
20090812,112.06
20090813,112.85
20090814,111.9
20090817,109.25
20090818,110.37
20090819,111.15
20090820,112.33
20090821,114.42
20090824,114.36
20090825,114.63
20090826,114.66
20090827,114.95
20090828,114.72
20090831,113.82
20090901,111.37
20090902,111.03
20090903,112.01
20090904,113.47
20090908,114.49
20090909,115.38
20090910,116.57
20090911,116.44
20090914,117.17
20090915,117.52
20090916,119.32
20090917,118.98
20090918,119.29
20090921,118.9
20090922,119.69
20090923,118.49
20090924,117.41
20090925,116.68
20090928,118.77
20090929,118.5
20090930,118.1
20091001,115.14
20091002,114.63
20091005,116.32
20091006,117.93
20091007,118.3
20091008,119.19
20091009,119.85
20091012,120.38
20091013,120.09
20091014,122.2
20091015,122.68
20091016,121.71
20091019,122.86
20091020,122.09
20091021,121.04
20091022,122.32
20091023,120.92
20091026,119.53
20091027,119.11
20091028,116.81
20091029,119.46
20091030,116.17
20091102,116.92
20091103,117.2
20091104,117.36
20091105,119.67
20091106,119.98
20091109,122.7
20091110,122.72
20091111,123.34
20091112,122.13
20091113,122.84
20091116,124.63
20091117,124.78
20091118,124.76
20091119,123.13
20091120,122.72
20091123,124.4
20091124,124.33
20091125,124.9
20091127,122.8
20091130,123.28
20091201,124.77
20091202,124.84
20091203,123.8
20091204,124.48
20091207,124.17
20091208,122.91
20091209,123.36
20091210,124.1
20091211,124.58
20091214,125.41
20091215,124.71
20091216,124.83
20091217,123.35
20091218,124.13
20091221,125.42
20091222,125.87
20091223,126.2
20091224,126.87
20091228,127.05
20091229,126.9
20091230,126.92
20091231,125.64
20100104,127.66
20100105,128.05
20100106,128.17
20100107,128.67
20100108,129.03
20100111,129.25
20100112,128.08
20100113,129.16
20100114,129.47
20100115,128.09
20100119,129.69
20100120,128.34
20100121,125.95
20100122,123.23
20100125,123.79
20100126,123.29
20100127,123.88
20100128,122.44
20100129,121.26
20100201,122.97
20100202,124.55
20100203,123.94
20100204,120.15
20100205,120.51
20100208,119.49
20100209,121.05
20100210,120.8
20100211,121.98
20100212,121.67
20100216,123.91
20100217,124.48
20100218,125.3
20100219,125.54
20100222,125.42
20100223,123.91
20100224,125.14
20100225,124.93
20100226,125.1
20100301,126.35
20100302,126.65
20100303,126.7
20100304,127.19
20100305,128.98
20100308,129
20100309,129.26
20100310,129.88
20100311,130.47
20100312,130.43
20100315,130.51
20100316,131.55
20100317,132.32
20100318,132.27
20100319,131.57
20100322,132.28
20100323,133.26
20100324,132.53
20100325,132.34
20100326,132.44
20100329,133.19
20100330,133.21
20100331,132.77
20100401,133.75
20100405,134.82
20100406,135.06
20100407,134.36
20100408,134.84
20100409,135.73
20100412,135.98
20100413,136.09
20100414,137.63
20100415,137.73
20100416,135.53
20100419,136.17
20100420,137.28
20100421,137.16
20100422,137.49
20100423,138.44
20100426,137.83
20100427,134.66
20100428,135.52
20100429,137.3
20100430,135.02
20100503,136.78
20100504,133.56
20100505,132.75
20100506,128.55
20100507,126.57
20100510,132.21
20100511,131.81
20100512,133.68
20100513,132.07
20100514,129.61
20100517,129.77
20100518,127.97
20100519,127.32
20100520,122.5
20100521,124.32
20100524,122.76
20100525,122.79
20100526,122.1
20100527,126.22
20100528,124.69
20100601,122.59
20100602,125.79
20100603,126.33
20100604,122.01
20100607,120.41
20100608,121.73
20100609,121.04
20100610,124.63
20100611,125.22
20100614,125
20100615,127.95
20100616,127.87
20100617,128.04
20100618,128.2
20100621,127.69
20100622,125.69
20100623,125.31
20100624,123.21
20100625,123.58
20100628,123.32
20100629,119.54
20100630,118.34
20100701,118
20100702,117.47
20100706,118.11
20100707,121.89
20100708,123.06
20100709,123.95
20100712,124.07
20100713,126.01
20100714,125.99
20100715,126.13
20100716,122.56
20100719,123.3
20100720,124.74
20100721,123.16
20100722,125.95
20100723,127
20100726,128.42
20100727,128.28
20100728,127.4
20100729,126.88
20100730,126.89
20100802,129.69
20100803,129.07
20100804,129.9
20100805,129.73
20100806,129.28
20100809,130
20100810,129.22
20100811,125.73
20100812,125.04
20100813,124.55
20100816,124.58
20100817,126.15
20100818,126.33
20100819,124.21
20100820,123.77
20100823,123.3
20100824,121.54
20100825,121.96
20100826,121.02
20100827,123.04
20100830,121.26
20100831,121.26
20100901,124.94
20100902,126.1
20100903,127.78
20100907,126.36
20100908,127.19
20100909,127.8
20100910,128.43
20100913,129.92
20100914,129.86
20100915,130.33
20100916,130.31
20100917,130.44
20100920,132.44
20100921,132.08
20100922,131.49
20100923,130.41
20100924,133.17
20100927,132.44
20100928,133.11
20100929,132.79
20100930,132.37
20101001,132.96
20101004,131.92
20101005,134.65
20101006,134.66
20101007,134.44
20101008,135.27
20101011,135.3
20101012,135.8
20101013,136.8
20101014,136.27
20101015,136.56
20101018,137.57
20101019,135.41
20101020,136.83
20101021,137.1
20101022,137.42
20101025,137.73
20101026,137.77
20101027,137.42
20101028,137.6
20101029,137.58
20101101,137.68
20101102,138.75
20101103,139.29
20101104,142.01
20101105,142.57
20101108,142.29
20101109,141.21
20101110,141.83
20101111,141.24
20101112,139.59
20101115,139.39
20101116,137.22
20101117,137.26
20101118,139.37
20101119,139.73
20101122,139.54
20101123,137.57
20101124,139.65
20101126,138.64
20101129,138.49
20101130,137.68
20101201,140.68
20101202,142.5
20101203,142.89
20101206,142.72
20101207,142.81
20101208,143.37
20101209,143.94
20101210,144.83
20101213,144.86
20101214,145
20101215,144.28
20101216,145.17
20101217,145.34
20101220,145.68
20101221,146.57
20101222,147.08
20101223,146.84
20101227,146.96
20101228,147.07
20101229,147.25
20101230,147.04
20101231,147
20110103,148.67
20110104,148.49
20110105,149.26
20110106,149
20110107,148.74
20110110,148.51
20110111,149.08
20110112,150.43
20110113,150.18
20110114,151.26
20110118,151.47
20110119,149.97
20110120,149.81
20110121,150.14
20110124,150.99
20110125,151.05
20110126,151.71
20110127,152.08
20110128,149.38
20110131,150.5
20110201,153.01
20110202,152.63
20110203,152.99
20110204,153.42
20110207,154.43
20110208,155.14
20110209,154.71
20110210,154.83
20110211,155.71
20110214,156.08
20110215,155.59
20110216,156.58
20110217,157.09
20110218,157.38
20110222,154.15
20110223,153.21
20110224,153.09
20110225,154.67
20110228,155.47
20110301,153.04
20110302,153.35
20110303,155.98
20110304,154.85
20110307,153.57
20110308,154.98
20110309,154.8
20110310,151.93
20110311,153.05
20110314,152.15
20110315,150.48
20110316,147.59
20110317,149.52
20110318,150.15
20110321,152.43
20110322,151.92
20110323,152.36
20110324,153.8
20110325,154.29
20110328,153.86
20110329,154.98
20110330,156.02
20110331,155.75
20110401,156.51
20110404,156.58
20110405,156.59
20110406,157
20110407,156.77
20110408,156.13
20110411,155.7
20110412,154.53
20110413,154.6
20110414,154.6
20110415,155.19
20110418,153.49
20110419,154.35
20110420,156.46
20110421,157.27
20110425,157
20110426,158.41
20110427,159.45
20110428,160.02
20110429,160.39
20110502,160.11
20110503,159.57
20110504,158.54
20110505,157.12
20110506,157.74
20110509,158.44
20110510,159.72
20110511,158.08
20110512,158.91
20110513,157.63
20110516,156.66
20110517,156.64
20110518,158.03
20110519,158.4
20110520,157.18
20110523,155.32
20110524,155.17
20110525,155.64
20110526,156.3
20110527,156.98
20110531,158.65
20110601,155.1
20110602,154.91
20110603,153.4
20110606,151.78
20110607,151.66
20110608,151.04
20110609,152.17
20110610,150.09
20110613,150.24
20110614,152.15
20110615,149.5
20110616,149.79
20110617,150.25
20110620,151.08
20110621,153.15
20110622,152.16
20110623,151.75
20110624,149.96
20110627,151.35
20110628,153.35
20110629,154.64
20110630,156.21
20110701,158.49
20110705,158.3
20110706,158.54
20110707,160.24
20110708,159.15
20110711,156.3
20110712,155.61
20110713,156.11
20110714,155.05
20110715,155.92
20110718,154.65
20110719,157.2
20110720,157.11
20110721,159.24
20110722,159.4
20110725,158.5
20110726,157.89
20110727,154.72
20110728,154.23
20110729,153.25
20110801,152.61
20110802,148.76
20110803,149.57
20110804,142.6
20110805,142.5
20110808,133.33
20110809,139.81
20110810,133.82
20110811,140.15
20110812,140.87
20110815,143.96
20110816,142.66
20110817,142.8
20110818,136.6
20110819,134.58
20110822,134.63
20110823,139.35
20110824,141.2
20110825,139.02
20110826,141.16
20110829,145.23
20110830,145.61
20110831,146.35
20110901,144.62
20110902,141.04
20110906,140.01
20110907,144.13
20110908,142.61
20110909,138.86
20110912,139.85
20110913,141.2
20110914,143.12
20110915,145.62
20110916,146.47
20110919,145.05
20110920,144.79
20110921,140.62
20110922,136.19
20110923,137.06
20110926,140.27
20110927,141.76
20110928,138.91
20110929,140.01
20110930,136.57
20111003,132.75
20111004,135.78
20111005,138.28
20111006,140.86
20111007,139.74
20111010,144.58
20111011,144.67
20111012,146.12
20111013,145.69
20111014,148.24
20111017,145.4
20111018,148.42
20111019,146.57
20111020,147.22
20111021,150.01
20111024,151.98
20111025,148.96
20111026,150.5
20111027,155.76
20111028,155.83
20111031,152.01
20111101,147.83
20111102,150.25
20111103,153.12
20111104,152.17
20111107,153.14
20111108,155.05
20111109,149.47
20111110,150.77
20111111,153.75
20111114,152.32
20111115,153.05
20111116,150.54
20111117,148.03
20111118,147.97
20111121,145.24
20111122,144.65
20111123,141.51
20111125,141.16
20111128,145.34
20111129,145.73
20111130,152.17
20111201,151.9
20111202,151.85
20111205,153.45
20111206,153.62
20111207,153.97
20111208,150.75
20111209,153.33
20111212,151.06
20111213,149.76
20111214,148.09
20111215,148.59
20111216,149.08
20111219,147.32
20111220,151.79
20111221,152.04
20111222,153.32
20111223,154.71
20111227,154.7
20111228,152.82
20111229,154.46
20111230,153.81
20120103,156.19
20120104,156.25
20120105,156.7
20120106,156.36
20120109,156.73
20120110,158.13
20120111,158.2
20120112,158.58
20120113,157.81
20120117,158.36
20120118,160.17
20120119,160.99
20120120,161.12
20120123,161.19
20120124,161.04
20120125,162.42
20120126,161.5
20120127,161.26
20120130,160.88
20120131,160.81
20120201,162.31
20120202,162.51
20120203,164.92
20120206,164.84
20120207,165.16
20120208,165.59
20120209,165.86
20120210,164.71
20120213,165.85
20120214,165.73
20120215,164.89
20120216,166.76
20120217,167.16
20120221,167.23
20120222,166.65
20120223,167.41
20120224,167.73
20120227,167.98
20120228,168.59
20120229,167.84
20120301,168.88
20120302,168.37
20120305,167.74
20120306,165.19
20120307,166.4
20120308,168.03
20120309,168.63
20120312,168.67
20120313,171.8
20120314,171.59
20120315,172.63
20120316,172.81
20120319,173.46
20120320,172.97
20120321,172.65
20120322,171.42
20120323,171.96
20120326,174.37
20120327,173.92
20120328,173.1
20120329,172.81
20120330,173.46
20120402,174.75
20120403,174.09
20120404,172.35
20120405,172.33
20120409,170.39
20120410,167.5
20120411,168.78
20120412,171.12
20120413,169.01
20120416,168.93
20120417,171.57
20120418,170.9
20120419,169.91
20120420,170.14
20120423,168.65
20120424,169.22
20120425,171.54
20120426,172.75
20120427,173.22
20120430,172.56
20120501,173.52
20120502,173.12
20120503,171.81
20120504,169.05
20120507,169.08
20120508,168.38
20120509,167.33
20120510,167.78
20120511,167.24
20120514,165.41
20120515,164.51
20120516,163.81
20120517,161.42
20120518,160.25
20120521,162.86
20120522,162.95
20120523,163.25
20120524,163.5
20120525,163.16
20120529,165.01
20120530,162.71
20120531,162.36
20120601,158.4
20120604,158.45
20120605,159.38
20120606,163.1
20120607,163.1
20120608,164.47
20120611,162.39
20120612,164.29
20120613,163.2
20120614,164.96
20120615,166.69
20120618,166.94
20120619,168.59
20120620,168.34
20120621,164.67
20120622,165.83
20120625,163.27
20120626,164.05
20120627,165.53
20120628,165.17
20120629,169.38
20120702,169.79
20120703,170.94
20120705,170.16
20120706,168.63
20120709,168.35
20120710,167.01
20120711,167
20120712,166.17
20120713,168.95
20120716,168.56
20120717,169.81
20120718,170.96
20120719,171.43
20120720,169.75
20120723,168.22
20120724,166.71
20120725,166.65
20120726,169.45
20120727,172.74
20120730,172.69
20120731,171.93
20120801,171.4
20120802,170.18
20120803,173.45
20120806,173.86
20120807,174.76
20120808,174.94
20120809,175.07
20120810,175.45
20120813,175.27
20120814,175.31
20120815,175.6
20120816,176.82
20120817,177.15
20120820,177.14
20120821,176.51
20120822,176.55
20120823,175.16
20120824,176.34
20120827,176.26
20120828,176.14
20120829,176.34
20120830,174.99
20120831,175.9
20120904,175.74
20120905,175.59
20120906,179.2
20120907,179.92
20120910,178.82
20120911,179.39
20120912,179.81
20120913,182.76
20120914,183.5
20120917,182.92
20120918,182.68
20120919,182.91
20120920,182.82
20120921,182.79
20120924,182.42
20120925,180.51
20120926,179.51
20120927,181.24
20120928,180.43
20121001,180.93
20121002,181.11
20121003,181.81
20121004,183.13
20121005,183.13
20121008,182.53
20121009,180.73
20121010,179.66
20121011,179.74
20121012,179.24
20121015,180.69
20121016,182.53
20121017,183.3
20121018,182.85
20121019,179.85
20121022,179.93
20121023,177.37
20121024,176.83
20121025,177.32
20121026,177.24
20121031,177.31
20121101,179.2
20121102,177.55
20121105,177.95
20121106,179.38
20121107,175.36
20121108,173.23
20121109,173.51
20121112,173.52
20121113,172.88
20121114,170.56
20121115,170.25
20121116,171.09
20121119,174.49
20121120,174.63
20121121,175.04
20121123,177.37
20121126,177.02
20121127,176.12
20121128,177.59
20121129,178.37
20121130,178.43
20121203,177.57
20121204,177.3
20121205,177.64
20121206,178.26
20121207,178.81
20121210,178.87
20121211,180.03
20121212,180.08
20121213,179.01
20121214,178.3
20121217,180.4
20121218,182.49
20121219,181.15
20121220,182.15
20121221,180.48
20121224,180.07
20121226,179.19
20121227,179.01
20121228,177.07
20121231,180.03
20130102,184.7
20130103,184.29
20130104,185.21
20130107,184.64
20130108,184.11
20130109,184.61
20130110,185.98
20130111,186.02
20130114,185.84
20130115,186.09
20130116,186.14
20130117,187.18
20130118,187.84
20130122,188.67
20130123,188.94
20130124,188.99
20130125,190.02
20130128,189.67
20130129,190.61
20130130,189.98
20130131,189.51
20130201,191.42
20130204,189.22
20130205,191.22
20130206,191.36
20130207,191.1
20130208,192.17
20130211,192.06
20130212,192.37
20130213,192.57
20130214,192.7
20130215,192.47
20130219,193.89
20130220,191.53
20130221,190.4
20130222,192.1
20130225,188.63
20130226,189.82
20130227,192.28
20130228,192.1
20130301,192.57
20130304,193.52
20130305,195.37
20130306,195.63
20130307,196
20130308,196.88
20130311,197.53
20130312,197.1
20130313,197.43
20130314,198.51
20130315,198.19
20130318,197.11
20130319,196.64
20130320,197.98
20130321,196.31
20130322,197.72
20130325,197.06
20130326,198.66
20130327,198.57
20130328,199.37
20130401,198.52
20130402,199.52
20130403,197.47
20130404,198.28
20130405,197.45
20130408,198.77
20130409,199.53
20130410,201.96
20130411,202.67
20130412,202.12
20130415,197.58
20130416,200.4
20130417,197.58
20130418,196.26
20130419,198.01
20130422,198.93
20130423,201.02
20130424,201.04
20130425,201.89
20130426,201.51
20130429,202.94
20130430,203.46
20130501,201.59
20130502,203.51
20130503,205.7
20130506,206.06
20130507,207.15
20130508,208.08
20130509,207.4
20130510,208.32
20130513,208.35
20130514,210.54
20130515,211.7
20130516,210.66
20130517,212.83
20130520,212.69
20130521,213.04
20130522,211.29
20130523,210.68
20130524,210.6
20130528,211.95
20130529,210.46
20130530,211.24
20130531,208.27
20130603,209.53
20130604,208.39
20130605,205.61
20130606,207.38
20130607,210.07
20130610,210.01
20130611,207.87
20130612,206.18
20130613,209.26
20130614,208.04
20130617,209.63
20130618,211.27
20130619,208.35
20130620,203.23
20130621,203.71
20130624,201.31
20130625,203.23
20130626,205.24
20130627,206.55
20130628,205.65
20130701,206.78
20130702,206.7
20130703,206.87
20130705,208.97
20130708,210.17
20130709,211.7
20130710,211.75
20130711,214.67
20130712,215.31
20130715,215.64
20130716,214.84
20130717,215.44
20130718,216.53
20130719,216.85
20130722,217.29
20130723,216.91
20130724,216.11
20130725,216.65
20130726,216.82
20130729,216.03
20130730,216.15
20130731,216.13
20130801,218.85
20130802,219.21
20130805,218.9
20130806,217.66
20130807,216.89
20130808,217.77
20130809,217.05
20130812,216.8
20130813,217.43
20130814,216.35
20130815,213.29
20130816,212.58
20130819,211.33
20130820,212.15
20130821,210.96
20130822,212.78
20130823,213.67
20130826,212.82
20130827,209.49
20130828,210.05
20130829,210.52
20130830,209.9
20130903,210.76
20130904,212.52
20130905,212.79
20130906,212.83
20130909,215
20130910,216.6
20130911,217.28
20130912,216.62
20130913,217.23
20130916,218.48
20130917,219.43
20130918,222.14
20130919,221.77
20130920,220.19
20130923,219.15
20130924,218.6
20130925,217.99
20130926,218.78
20130927,217.89
20130930,216.59
20131001,218.32
20131002,218.22
20131003,216.27
20131004,217.79
20131007,215.91
20131008,213.37
20131009,213.51
20131010,218.26
20131011,219.63
20131014,220.52
20131015,218.97
20131016,222.04
20131017,223.54
20131018,225.02
20131021,225.03
20131022,226.34
20131023,225.27
20131024,226.03
20131025,227.06
20131028,227.38
20131029,228.66
20131030,227.59
20131031,226.76
20131101,227.4
20131104,228.22
20131105,227.62
20131106,228.75
20131107,225.78
20131108,228.83
20131111,229.02
20131112,228.52
20131113,230.45
20131114,231.61
20131115,232.58
20131118,231.74
20131119,231.29
20131120,230.46
20131121,232.35
20131122,233.53
20131125,233.27
20131126,233.34
20131127,233.99
20131129,233.83
20131202,233.24
20131203,232.49
20131204,232.24
20131205,231.21
20131206,233.85
20131209,234.29
20131210,233.52
20131211,230.93
20131212,230.11
20131213,230.09
20131216,231.55
20131217,230.84
20131218,234.71
20131219,234.59
20131220,235.77
20131223,237.03
20131224,237.75
20131226,238.89
20131227,238.84
20131230,238.81
20131231,239.77
20140102,237.71
20140103,237.65
20140106,237.06
20140107,238.5
20140108,238.52
20140109,238.61
20140110,239.17
20140113,236.19
20140114,238.77
20140115,239.98
20140116,239.66
20140117,238.75
20140121,239.42
20140122,239.57
20140123,237.44
20140124,232.54
20140127,231.39
20140128,232.85
20140129,230.49
20140130,233.16
20140131,231.61
20140203,226.36
20140204,228.11
20140205,227.71
20140206,230.67
20140207,233.75
20140210,234.15
20140211,236.77
20140212,236.81
20140213,238.25
20140214,239.4
20140218,239.71
20140219,238.2
20140220,239.66
20140221,239.24
20140224,240.75
20140225,240.43
20140226,240.53
20140227,241.73
20140228,242.38
20140303,240.61
20140304,244.32
20140305,244.36
20140306,244.78
20140307,244.92
20140310,244.8
20140311,243.57
20140312,243.72
20140313,240.91
20140314,240.24
20140317,242.56
20140318,244.33
20140319,242.83
20140320,244.29
20140321,243.57
20140324,242.42
20140325,243.49
20140326,241.78
20140327,241.37
20140328,242.5
20140331,244.44
20140401,246.2
20140402,246.95
20140403,246.65
20140404,243.57
20140407,240.98
20140408,242.02
20140409,244.7
20140410,239.61
20140411,237.36
20140414,239.33
20140415,240.94
20140416,243.5
20140417,243.83
20140421,244.74
20140422,245.74
20140423,245.21
20140424,245.62
20140425,243.59
20140428,244.38
20140429,245.57
20140430,246.34
20140501,246.33
20140502,245.99
20140505,246.45
20140506,244.25
20140507,245.71
20140508,245.44
20140509,245.88
20140512,248.33
20140513,248.5
20140514,247.37
20140515,245.07
20140516,245.98
20140519,246.94
20140520,245.34
20140521,247.37
20140522,247.97
20140523,249.05
20140527,250.55
20140528,250.29
20140529,251.67
20140530,252.15
20140602,252.36
20140603,252.26
20140604,252.8
20140605,254.48
20140606,255.71
20140609,255.96
20140610,255.89
20140611,255.01
20140612,253.27
20140613,254.07
20140616,254.28
20140617,254.85
20140618,256.86
20140619,257.19
20140620,257.63
20140623,257.62
20140624,255.99
20140625,257.23
20140626,256.94
20140627,257.47
20140630,257.39
20140701,259.16
20140702,259.33
20140703,260.73
20140707,259.73
20140708,257.99
20140709,259.2
20140710,258.13
20140711,258.54
20140714,259.8
20140715,259.3
20140716,260.43
20140717,257.43
20140718,260.07
20140721,259.49
20140722,260.78
20140723,261.24
20140724,261.36
20140725,260.07
20140728,260.13
20140729,258.97
20140730,259.02
20140731,253.91
20140801,253.15
20140804,254.97
20140805,252.56
20140806,252.65
20140807,251.31
20140808,254.23
20140811,254.97
20140812,254.54
20140813,256.31
20140814,257.43
20140815,257.46
20140818,259.69
20140819,261.06
20140820,261.72
20140821,262.5
20140822,262.04
20140825,263.3
20140826,263.59
20140827,263.62
20140828,263.2
20140829,264.09
20140902,263.98
20140903,263.83
20140904,263.46
20140905,264.8
20140908,264.01
20140909,262.29
20140910,263.25
20140911,263.55
20140912,262
20140915,261.78
20140916,263.76
20140917,264.1
20140918,265.43
20140919,265.31
20140922,263.19
20140923,261.68
20140924,263.78
20140925,259.56
20140926,261.84
20140929,261.19
20140930,260.49
20141001,257.11
20141002,257.15
20141003,260.03
20141006,259.65
20141007,255.76
20141008,260.32
20141009,255.02
20141010,252.16
20141013,248.04
20141014,248.45
20141015,246.44
20141016,246.46
20141017,249.62
20141020,251.92
20141021,256.88
20141022,255.07
20141023,258.19
20141024,259.97
20141027,259.59
20141028,262.67
20141029,262.34
20141030,264.02
20141031,267.12
20141103,267.08
20141104,266.34
20141105,267.92
20141106,269.03
20141107,269.21
20141110,270.1
20141111,270.28
20141112,270.16
20141113,270.41
20141114,270.52
20141117,270.74
20141118,272.18
20141119,271.83
20141120,272.35
20141121,273.8
20141124,274.59
20141125,274.28
20141126,275.11
20141128,274.53
20141201,272.61
20141202,274.35
20141203,275.41
20141204,275.1
20141205,275.55
20141208,273.62
20141209,273.57
20141210,269.15
20141211,270.46
20141212,266.15
20141215,264.52
20141216,262.26
20141217,267.64
20141218,274.22
20141219,275.45
20141222,276.58
20141223,277.11
20141224,277.07
20141226,277.99
20141229,278.25
20141230,276.93
20141231,274.11
20150102,274.07
20150105,269.15
20150106,266.77
20150107,270.02
20150108,274.88
20150109,272.58
20150112,270.41
20150113,269.72
20150114,268.13
20150115,265.69
20150116,269.25
20150120,269.71
20150121,271.03
20150122,275.2
20150123,273.73
20150126,274.42
20150127,270.79
20150128,267.21
20150129,269.79
20150130,266.35
20150202,269.8
20150203,273.69
20150204,272.64
20150205,275.53
20150206,274.68
20150209,273.5
20150210,276.48
20150211,276.54
20150212,279.27
20150213,280.41
20150217,280.88
20150218,280.83
20150219,280.56
20150220,282.3
20150223,282.23
20150224,282.99
20150225,282.83
20150226,282.47
20150227,281.66
20150302,283.43
20150303,282.14
20150304,280.96
20150305,281.35
20150306,277.38
20150309,278.51
20150310,273.87
20150311,273.37
20150312,276.94
20150313,275.29
20150316,279.07
20150317,278.14
20150318,281.53
20150319,280.17
20150320,282.74
20150323,282.26
20150324,280.58
20150325,276.5
20150326,275.87
20150327,276.56
20150330,279.97
20150331,277.59
20150401,276.49
20150402,277.46
20150406,279.3
20150407,278.72
20150408,279.61
20150409,280.85
20150410,282.28
20150413,281.02
20150414,281.47
20150415,282.9
20150416,282.67
20150417,279.47
20150420,282.05
20150421,281.66
20150422,283.11
20150423,283.81
20150424,284.5
20150427,283.32
20150428,284.1
20150429,283.03
20150430,280.2
20150501,283.25
20150504,284.07
20150505,280.76
20150506,279.63
20150507,280.78
20150508,284.56
20150511,283.19
20150512,282.4
20150513,282.37
20150514,285.46
20150515,285.7
20150518,286.59
20150519,286.36
20150520,286.12
20150521,286.85
20150522,286.21
20150526,283.27
20150527,285.93
20150528,285.61
20150529,283.83
20150601,284.45
20150602,284.18
20150603,284.85
20150604,282.41
20150605,282.01
20150608,280.22
20150609,280.36
20150610,283.79
20150611,284.36
20150612,282.41
20150615,281.1
20150616,282.74
20150617,283.31
20150618,286.12
20150619,284.6
20150622,286.32
20150623,286.54
20150624,284.45
20150625,283.62
20150626,283.57
20150629,277.75
20150630,278.5
20150701,280.49
20150702,280.42
20150706,279.36
20150707,281.11
20150708,276.57
20150709,277.21
20150710,280.65
20150713,283.83
20150714,285.1
20150715,284.84
20150716,287.15
20150717,287.53
20150720,287.78
20150721,286.55
20150722,285.92
20150723,284.3
20150724,281.34
20150727,279.73
20150728,283.19
20150729,285.31
20150730,285.36
20150731,284.74
20150803,283.98
20150804,283.37
20150805,284.43
20150806,282.3
20150807,281.45
20150810,285.03
20150811,282.44
20150812,282.76
20150813,282.42
20150814,283.54
20150817,285.04
20150818,284.3
20150819,281.99
20150820,276.14
20150821,267.54
20150824,257.21
20150825,253.79
20150826,263.93
20150827,270.41
20150828,270.59
20150831,268.34
20150901,260.57
20150902,265.42
20150903,265.77
20150904,261.76
20150908,268.51
20150909,264.82
20150910,266.21
20150911,267.52
20150914,266.45
20150915,269.86
20150916,272.24
20150917,271.6
20150918,267.27
20150921,268.5
20150922,265.22
20150923,264.68
20150924,263.78
20150925,263.64
20150928,257.01
20150929,257.31
20150930,262.29
20151001,262.84
20151002,266.69
20151005,271.62
20151006,270.63
20151007,272.92
20151008,275.32
20151009,275.55
20151012,275.9
20151013,274.06
20151014,272.63
20151015,276.68
20151016,277.97
20151019,278.02
20151020,277.61
20151021,276.03
20151022,280.64
20151023,283.72
20151026,283.21
20151027,282.5
20151028,285.84
20151029,285.75
20151030,284.41
20151102,287.75
20151103,288.52
20151104,287.63
20151105,287.42
20151106,287.33
20151109,284.59
20151110,285.12
20151111,284.19
20151112,280.31
20151113,277.17
20151116,281.4
20151117,281.13
20151118,285.74
20151119,285.43
20151120,286.56
20151123,286.26
20151124,286.61
20151125,286.64
20151127,286.86
20151130,285.5
20151201,288.58
20151202,285.5
20151203,281.47
20151204,287.26
20151207,285.31
20151208,283.52
20151209,281.35
20151210,282.01
20151211,276.63
20151214,278
20151215,280.92
20151216,285.08
20151217,280.85
20151218,275.96
20151221,278.14
20151222,280.64
20151223,284.16
20151224,283.69
20151228,283.1
20151229,286.21
20151230,284.19
20151231,281.52
20160104,277.28
20160105,277.87
20160106,274.4
20160107,268.05
20160108,265.14
20160111,265.42
20160112,267.48
20160113,260.86
20160114,265.24
20160115,259.56
20160119,259.71
20160120,256.72
20160121,258.11
20160122,263.4
20160125,259.39
20160126,263.08
20160127,260.26
20160128,261.77
20160129,268.27
20160201,268.17
20160202,263.21
20160203,264.5
20160204,264.95
20160205,260.11
20160208,256.43
20160209,256.29
20160210,256.36
20160211,253.31
20160212,258.28
20160216,262.66
20160217,267.07
20160218,265.79
20160219,265.86
20160222,269.75
20160223,266.49
20160224,267.69
20160225,270.83
20160226,270.36
20160229,268.18
20160301,274.62
20160302,275.77
20160303,276.76
20160304,277.67
20160307,277.92
20160308,274.9
20160309,276.31
20160310,276.37
20160311,280.99
20160314,280.69
20160315,280.17
20160316,281.79
20160317,283.6
20160318,284.83
20160321,285.12
20160322,284.9
20160323,283.1
20160324,283.01
20160328,283.17
20160329,285.73
20160330,287.02
20160331,286.44
20160401,288.27
20160404,287.39
20160405,284.49
20160406,287.6
20160407,284.17
20160408,284.96
20160411,284.16
20160412,286.95
20160413,289.86
20160414,289.93
20160415,289.67
20160418,291.6
20160419,292.45
20160420,292.67
20160421,291.14
20160422,291.15
20160425,290.67
20160426,291.18
20160427,291.69
20160428,289.04
20160429,287.61
20160502,289.91
20160503,287.4
20160504,285.8
20160505,285.83
20160506,286.82
20160509,287.09
20160510,290.7
20160511,288.06
20160512,288.07
20160513,285.63
20160516,288.47
20160517,285.79
20160518,285.8
20160519,284.9
20160520,286.66
20160523,286.07
20160524,290.01
20160525,292.04
20160526,292.03
20160527,293.32
20160531,293.08
20160601,293.45
20160602,294.31
20160603,293.48
20160606,294.9
20160607,295.27
20160608,296.31
20160609,295.81
20160610,293.12
20160613,290.85
20160614,290.37
20160615,289.87
20160616,290.82
20160617,289.88
20160620,291.58
20160621,292.38
20160622,291.9
20160623,295.82
20160624,285.44
20160627,280.34
20160628,285.38
20160629,290.35
20160630,294.3
20160701,294.94
20160705,292.99
20160706,294.67
20160707,294.44
20160708,298.95
20160711,299.98
20160712,302.02
20160713,302.1
20160714,303.68
20160715,303.39
20160718,304.13
20160719,303.7
20160720,305.03
20160721,303.94
20160722,305.32
20160725,304.44
20160726,304.5
20160727,304.09
20160728,304.62
20160729,305.15
20160801,304.79
20160802,302.84
20160803,303.86
20160804,304.02
20160805,306.66
20160808,306.4
20160809,306.52
20160810,305.81
20160811,307.29
20160812,307.08
20160815,307.95
20160816,306.31
20160817,306.94
20160818,307.66
20160819,307.22
20160822,307.06
20160823,307.64
20160824,306.05
20160825,305.62
20160826,305.16
20160829,306.79
20160830,306.22
20160831,305.57
20160901,305.59
20160902,306.87
20160906,307.8
20160907,307.82
20160908,307.14
20160909,299.67
20160912,304.15
20160913,299.78
20160914,299.62
20160915,302.71
20160916,301.59
20160919,301.56
20160920,301.66
20160921,304.95
20160922,306.97
20160923,305.25
20160926,302.65
20160927,304.65
20160928,306.31
20160929,303.46
20160930,305.91
20161003,304.96
20161004,303.48
20161005,304.89
20161006,304.98
20161007,303.98
20161010,305.38
20161011,301.59
20161012,301.96
20161013,301.07
20161014,301.14
20161017,300.23
20161018,302.09
20161019,302.78
20161020,302.4
20161021,302.45
20161024,303.96
20161025,302.83
20161026,302.28
20161027,301.38
20161028,300.47
20161031,300.48
20161101,298.44
20161102,296.52
20161103,295.31
20161104,294.79
20161107,301.4
20161108,302.7
20161109,306.02
20161110,306.53
20161111,306.11
20161114,306.08
20161115,308.49
20161116,308.1
20161117,309.51
20161118,308.79
20161121,311.13
20161122,311.86
20161123,312.11
20161125,313.34
20161128,311.75
20161129,312.24
20161130,311.41
20161201,310.26
20161202,310.4
20161205,312.24
20161206,313.31
20161207,317.54
20161208,318.25
20161209,320.12
20161212,319.76
20161213,321.91
20161214,319.33
20161215,320.56
20161216,319.99
20161219,320.64
20161220,321.85
20161221,321.07
20161222,320.45
20161223,320.89
20161227,321.63
20161228,319.02
20161229,318.94
20161230,317.46